Datetime,Symbol,RS_Open,Future_15m,Future_30m,Future_60m,Rank
2026-05-18 09:15:00+05:30,ASIANPAINT.NS,-0.0765,-0.0738,-0.2137,-0.4275,2
2026-05-18 09:30:00+05:30,ASIANPAINT.NS,-0.0687,-0.14,-0.3461,0.0622,2
2026-05-18 09:45:00+05:30,ASIANPAINT.NS,-0.0133,-0.2064,-0.2142,0.6387,2
2026-05-18 10:00:00+05:30,ASIANPAINT.NS,-0.3456,-0.0078,0.4098,0.839,2
2026-05-18 10:15:00+05:30,ASIANPAINT.NS,-0.0868,0.4176,0.8547,0.9952,2
2026-05-18 10:30:00+05:30,ASIANPAINT.NS,0.0736,0.4353,0.4275,0.5674,1
2026-05-18 10:45:00+05:30,ASIANPAINT.NS,0.2489,-0.0077,0.1393,0.1664,1
2026-05-18 11:00:00+05:30,ASIANPAINT.NS,-0.0608,0.1471,0.1393,0.6115,1
2026-05-18 11:15:00+05:30,ASIANPAINT.NS,0.0147,-0.0077,0.027,0.6801,1
2026-05-18 11:30:00+05:30,ASIANPAINT.NS,-0.1322,0.0348,0.4715,0.7768,1
2026-05-18 11:45:00+05:30,ASIANPAINT.NS,0.3128,0.4365,0.6529,0.9001,1
2026-05-18 12:00:00+05:30,ASIANPAINT.NS,0.2373,0.2154,0.3039,0.45,1
2026-05-18 12:15:00+05:30,ASIANPAINT.NS,0.1108,0.0883,0.2456,0.284,1
2026-05-18 12:30:00+05:30,ASIANPAINT.NS,-0.0482,0.1572,0.1457,0.1726,1
2026-05-18 12:45:00+05:30,ASIANPAINT.NS,-0.0935,-0.0115,0.0383,0.0191,1
2026-05-18 13:00:00+05:30,ASIANPAINT.NS,0.0478,0.0498,0.0268,-0.0996,2
2026-05-18 13:15:00+05:30,ASIANPAINT.NS,0.0543,-0.023,-0.0191,-0.1914,1
2026-05-18 13:30:00+05:30,ASIANPAINT.NS,-0.0439,0.0038,-0.1263,-0.1072,1
2026-05-18 13:45:00+05:30,ASIANPAINT.NS,-0.076,-0.1302,-0.1723,-0.1263,2
2026-05-18 14:00:00+05:30,ASIANPAINT.NS,-0.0608,-0.0422,0.0192,0.1802,2
2026-05-18 14:15:00+05:30,ASIANPAINT.NS,-0.0655,0.0613,0.046,0.2377,1
2026-05-18 14:30:00+05:30,ASIANPAINT.NS,0.1329,-0.0153,0.161,0.8891,1
2026-05-18 14:45:00+05:30,ASIANPAINT.NS,0.0349,0.1763,0.1916,0.6746,1
2026-05-18 15:00:00+05:30,ASIANPAINT.NS,-0.02,0.0153,0.727,0.2104,2
2026-05-18 15:15:00+05:30,ASIANPAINT.NS,-0.0279,0.7116,0.482,0.3673,1
2026-05-19 09:15:00+05:30,ASIANPAINT.NS,0.1772,-0.2279,-0.5128,-0.0228,1
2026-05-19 09:30:00+05:30,ASIANPAINT.NS,-0.1555,-0.2855,-0.1142,0.3541,2
2026-05-19 09:45:00+05:30,ASIANPAINT.NS,0.0159,0.1718,0.4925,0.6796,2
2026-05-19 10:00:00+05:30,ASIANPAINT.NS,-0.1419,0.3202,0.4688,0.0915,1
2026-05-19 10:15:00+05:30,ASIANPAINT.NS,0.3303,0.1482,0.1862,-0.3001,1
2026-05-19 10:30:00+05:30,ASIANPAINT.NS,0.0691,0.0379,-0.3756,-0.1669,1
2026-05-19 10:45:00+05:30,ASIANPAINT.NS,0.0051,-0.4134,-0.4854,-0.1896,1
2026-05-19 11:00:00+05:30,ASIANPAINT.NS,-0.1915,-0.0723,0.2094,0.0876,1
2026-05-19 11:15:00+05:30,ASIANPAINT.NS,-0.1289,0.282,0.2972,-0.061,2
2026-05-19 11:30:00+05:30,ASIANPAINT.NS,0.2018,0.0152,-0.1216,-0.2242,1
2026-05-19 11:45:00+05:30,ASIANPAINT.NS,-0.0206,-0.1368,-0.3572,-0.2964,1
2026-05-19 12:00:00+05:30,ASIANPAINT.NS,-0.0839,-0.2207,-0.1027,-0.1446,1
2026-05-19 12:15:00+05:30,ASIANPAINT.NS,-0.2303,0.1182,0.061,0.0381,2
2026-05-19 12:30:00+05:30,ASIANPAINT.NS,0.2357,-0.0571,-0.0419,-0.2399,1
2026-05-19 12:45:00+05:30,ASIANPAINT.NS,0.0109,0.0152,-0.0229,-0.3049,2
2026-05-19 13:00:00+05:30,ASIANPAINT.NS,0.0696,-0.0381,-0.1981,-0.2705,2
2026-05-19 13:15:00+05:30,ASIANPAINT.NS,-0.0647,-0.1601,-0.2821,-0.3697,2
2026-05-19 13:30:00+05:30,ASIANPAINT.NS,-0.0448,-0.1222,-0.0725,-0.565,1
2026-05-19 13:45:00+05:30,ASIANPAINT.NS,-0.0909,0.0497,-0.0879,-0.5007,2
2026-05-19 14:00:00+05:30,ASIANPAINT.NS,-0.1008,-0.1375,-0.4929,-0.596,2
2026-05-19 14:15:00+05:30,ASIANPAINT.NS,-0.0622,-0.3558,-0.4132,-0.6198,2
2026-05-19 14:30:00+05:30,ASIANPAINT.NS,-0.142,-0.0576,-0.1037,-1.0213,2
2026-05-19 14:45:00+05:30,ASIANPAINT.NS,-0.0515,-0.0461,-0.2074,-0.1037,1
2026-05-19 15:00:00+05:30,ASIANPAINT.NS,0.0641,-0.1614,-0.9186,0.1845,2
2026-05-19 15:15:00+05:30,ASIANPAINT.NS,-0.0419,-0.7584,0.1039,-0.0693,2
2026-05-20 09:15:00+05:30,ASIANPAINT.NS,0.0766,0.8689,1.1133,0.7526,1
2026-05-20 09:30:00+05:30,ASIANPAINT.NS,0.6831,0.2423,-0.1731,0.0808,1
2026-05-20 09:45:00+05:30,ASIANPAINT.NS,0.1938,-0.4143,-0.3568,-0.1074,1
2026-05-20 10:00:00+05:30,ASIANPAINT.NS,-0.2376,0.0578,0.2543,0.2388,2
2026-05-20 10:15:00+05:30,ASIANPAINT.NS,-0.0708,0.1964,0.2503,0.3966,2
2026-05-20 10:30:00+05:30,ASIANPAINT.NS,0.1417,0.0538,-0.0154,0.0269,2
2026-05-20 10:45:00+05:30,ASIANPAINT.NS,-0.0192,-0.0691,0.1459,-0.0346,1
2026-05-20 11:00:00+05:30,ASIANPAINT.NS,-0.1064,0.2152,0.0423,0.0269,2
2026-05-20 11:15:00+05:30,ASIANPAINT.NS,0.0971,-0.1726,-0.1802,-0.1687,1
2026-05-20 11:30:00+05:30,ASIANPAINT.NS,-0.2174,-0.0077,-0.0154,0.3073,2
2026-05-20 11:45:00+05:30,ASIANPAINT.NS,-0.0234,-0.0077,0.0115,0.315,1
2026-05-20 12:00:00+05:30,ASIANPAINT.NS,0.131,0.0192,0.3227,0.1921,1
2026-05-20 12:15:00+05:30,ASIANPAINT.NS,-0.0122,0.3035,0.3035,0.0384,2
2026-05-20 12:30:00+05:30,ASIANPAINT.NS,0.2284,0.0,-0.1302,-0.134,1
2026-05-20 12:45:00+05:30,ASIANPAINT.NS,-0.0417,-0.1302,-0.2643,-0.1302,2
2026-05-20 13:00:00+05:30,ASIANPAINT.NS,-0.0805,-0.1342,-0.0038,0.0383,2
2026-05-20 13:15:00+05:30,ASIANPAINT.NS,0.0124,0.1306,0.1344,0.1536,2
2026-05-20 13:30:00+05:30,ASIANPAINT.NS,0.0156,0.0038,0.0422,0.0307,1
2026-05-20 13:45:00+05:30,ASIANPAINT.NS,-0.1316,0.0383,0.0192,-0.0882,2
2026-05-20 14:00:00+05:30,ASIANPAINT.NS,-0.196,-0.0192,-0.0115,-0.3757,2
2026-05-20 14:15:00+05:30,ASIANPAINT.NS,-0.082,0.0077,-0.1074,-0.3681,1
2026-05-20 14:30:00+05:30,ASIANPAINT.NS,-0.0478,-0.115,-0.3642,0.9546,1
2026-05-20 14:45:00+05:30,ASIANPAINT.NS,-0.1205,-0.2495,-0.261,1.0478,2
2026-05-20 15:00:00+05:30,ASIANPAINT.NS,-0.14,-0.0115,1.3236,1.2351,2
2026-05-20 15:15:00+05:30,ASIANPAINT.NS,0.015,1.3353,1.3122,0.939,1
2026-05-21 09:15:00+05:30,ASIANPAINT.NS,0.5831,-0.0228,-0.0873,-0.6494,2
2026-05-21 09:30:00+05:30,ASIANPAINT.NS,-0.1794,-0.0646,-0.3684,-0.3608,2
2026-05-21 09:45:00+05:30,ASIANPAINT.NS,0.0271,-0.3041,-0.5625,-0.6347,2
2026-05-21 10:00:00+05:30,ASIANPAINT.NS,-0.3005,-0.2592,0.0076,-0.4422,2
2026-05-21 10:15:00+05:30,ASIANPAINT.NS,-0.3123,0.2676,-0.0726,0.1338,1
2026-05-21 10:30:00+05:30,ASIANPAINT.NS,0.3206,-0.3393,-0.4498,-0.2059,1
2026-05-21 10:45:00+05:30,ASIANPAINT.NS,-0.1592,-0.1109,0.2066,0.218,2
2026-05-21 11:00:00+05:30,ASIANPAINT.NS,0.0416,0.3178,0.2451,0.3063,1
2026-05-21 11:15:00+05:30,ASIANPAINT.NS,0.1357,-0.0725,0.0115,0.0802,1
2026-05-21 11:30:00+05:30,ASIANPAINT.NS,-0.0216,0.084,0.0611,0.0917,2
2026-05-21 11:45:00+05:30,ASIANPAINT.NS,0.1477,-0.0229,0.0687,0.0534,1
2026-05-21 12:00:00+05:30,ASIANPAINT.NS,0.0277,0.0916,0.0305,0.1145,2
2026-05-21 12:15:00+05:30,ASIANPAINT.NS,0.2665,-0.061,-0.0153,-0.103,1
2026-05-21 12:30:00+05:30,ASIANPAINT.NS,0.0404,0.0458,0.084,0.0153,1
2026-05-21 12:45:00+05:30,ASIANPAINT.NS,0.1124,0.0381,-0.0877,-0.2251,2
2026-05-21 13:00:00+05:30,ASIANPAINT.NS,-0.0311,-0.1258,-0.0686,-0.3699,1
2026-05-21 13:15:00+05:30,ASIANPAINT.NS,-0.0801,0.0573,-0.1375,-0.2635,2
2026-05-21 13:30:00+05:30,ASIANPAINT.NS,-0.153,-0.1946,-0.3015,-0.4694,2
2026-05-21 13:45:00+05:30,ASIANPAINT.NS,-0.1606,-0.1071,-0.1262,-0.3365,2
2026-05-21 14:00:00+05:30,ASIANPAINT.NS,-0.0152,-0.0191,-0.1684,-0.5703,2
2026-05-21 14:15:00+05:30,ASIANPAINT.NS,0.0215,-0.1493,-0.2106,-0.513,1
2026-05-21 14:30:00+05:30,ASIANPAINT.NS,-0.2162,-0.0613,-0.4026,0.6403,2
2026-05-21 14:45:00+05:30,ASIANPAINT.NS,-0.0928,-0.3414,-0.3031,1.4616,2
2026-05-21 15:00:00+05:30,ASIANPAINT.NS,-0.171,0.0385,1.047,2.2211,1
2026-05-21 15:15:00+05:30,ASIANPAINT.NS,-0.0025,1.0082,1.77,2.2318,1
2026-05-22 09:15:00+05:30,ASIANPAINT.NS,0.5984,0.7543,1.1619,0.9143,1
2026-05-22 09:30:00+05:30,ASIANPAINT.NS,0.6747,0.4046,0.4537,0.2155,1
2026-05-22 09:45:00+05:30,ASIANPAINT.NS,0.2898,0.049,-0.2448,-0.2297,1
2026-05-22 10:00:00+05:30,ASIANPAINT.NS,-0.0174,-0.2936,-0.2371,0.0188,2
2026-05-22 10:15:00+05:30,ASIANPAINT.NS,-0.1666,0.0566,0.0151,0.2378,2
2026-05-22 10:30:00+05:30,ASIANPAINT.NS,-0.0866,-0.0415,0.2566,0.0943,1
2026-05-22 10:45:00+05:30,ASIANPAINT.NS,0.01,0.2982,0.2227,0.0076,1
2026-05-22 11:00:00+05:30,ASIANPAINT.NS,0.2969,-0.0753,-0.1618,-0.0263,1
2026-05-22 11:15:00+05:30,ASIANPAINT.NS,-0.0145,-0.0866,-0.2147,-0.4143,1
2026-05-22 11:30:00+05:30,ASIANPAINT.NS,-0.3048,-0.1282,0.1357,0.1319,2
2026-05-22 11:45:00+05:30,ASIANPAINT.NS,-0.1425,0.2642,-0.2,0.3736,2
2026-05-22 12:00:00+05:30,ASIANPAINT.NS,0.2831,-0.463,-0.0038,0.2033,1
2026-05-22 12:15:00+05:30,ASIANPAINT.NS,-0.3636,0.4614,0.5748,0.571,2
2026-05-22 12:30:00+05:30,ASIANPAINT.NS,0.4057,0.1129,0.207,-0.2334,1
2026-05-22 12:45:00+05:30,ASIANPAINT.NS,-0.0396,0.094,-0.0038,-0.094,1
2026-05-22 13:00:00+05:30,ASIANPAINT.NS,0.0948,-0.0977,-0.4395,-0.263,1
2026-05-22 13:15:00+05:30,ASIANPAINT.NS,-0.0561,-0.3422,-0.0902,-0.1241,2
2026-05-22 13:30:00+05:30,ASIANPAINT.NS,-0.3242,0.2528,0.1773,0.1773,2
2026-05-22 13:45:00+05:30,ASIANPAINT.NS,0.2681,-0.0753,-0.0339,-0.5721,1
2026-05-22 14:00:00+05:30,ASIANPAINT.NS,-0.0202,0.0414,0.0,-0.4972,2
2026-05-22 14:15:00+05:30,ASIANPAINT.NS,0.2052,-0.0414,-0.5384,-0.6137,1
2026-05-22 14:30:00+05:30,ASIANPAINT.NS,0.1467,-0.4972,-0.4972,0.5913,1
2026-05-22 14:45:00+05:30,ASIANPAINT.NS,-0.5379,0.0,-0.0757,0.9955,2
2026-05-22 15:00:00+05:30,ASIANPAINT.NS,0.0085,-0.0757,1.0939,1.0485,2
2026-05-22 15:15:00+05:30,ASIANPAINT.NS,-0.1957,1.1705,1.0721,1.1743,2
2026-05-25 09:15:00+05:30,ASIANPAINT.NS,-0.503,-0.0973,-0.0449,0.1123,2
2026-05-25 09:30:00+05:30,ASIANPAINT.NS,0.0014,0.0525,0.1012,0.3036,2
2026-05-25 09:45:00+05:30,ASIANPAINT.NS,0.0784,0.0487,0.1573,0.1686,2
2026-05-25 10:00:00+05:30,ASIANPAINT.NS,-0.0256,0.1086,0.2022,-0.03,1
2026-05-25 10:15:00+05:30,ASIANPAINT.NS,0.074,0.0935,0.0112,-0.2057,1
2026-05-25 10:30:00+05:30,ASIANPAINT.NS,-0.0171,-0.0822,-0.2317,-0.3101,1
2026-05-25 10:45:00+05:30,ASIANPAINT.NS,-0.0594,-0.1496,-0.2169,-0.1309,1
2026-05-25 11:00:00+05:30,ASIANPAINT.NS,-0.1832,-0.0674,-0.0787,0.0562,2
2026-05-25 11:15:00+05:30,ASIANPAINT.NS,-0.033,-0.0112,0.0862,0.1424,2
2026-05-25 11:30:00+05:30,ASIANPAINT.NS,-0.0179,0.0975,0.1349,0.1799,2
2026-05-25 11:45:00+05:30,ASIANPAINT.NS,0.0789,0.0374,0.0562,-0.0075,1
2026-05-25 12:00:00+05:30,ASIANPAINT.NS,0.1385,0.0187,0.0449,-0.0749,1
2026-05-25 12:15:00+05:30,ASIANPAINT.NS,0.0536,0.0262,-0.0636,-0.0749,1
2026-05-25 12:30:00+05:30,ASIANPAINT.NS,0.0195,-0.0898,-0.1197,-0.2918,1
2026-05-25 12:45:00+05:30,ASIANPAINT.NS,-0.0737,-0.03,-0.0112,-0.2359,2
2026-05-25 13:00:00+05:30,ASIANPAINT.NS,-0.1278,0.0187,-0.1723,-0.281,1
2026-05-25 13:15:00+05:30,ASIANPAINT.NS,-0.0021,-0.191,-0.2247,-0.4345,1
2026-05-25 13:30:00+05:30,ASIANPAINT.NS,-0.1043,-0.0338,-0.1088,-0.3002,2
2026-05-25 13:45:00+05:30,ASIANPAINT.NS,-0.0325,-0.0751,-0.2102,-0.2102,2
2026-05-25 14:00:00+05:30,ASIANPAINT.NS,-0.0438,-0.1352,-0.1916,-0.1615,1
2026-05-25 14:15:00+05:30,ASIANPAINT.NS,-0.2112,-0.0564,0.0,-0.015,2
2026-05-25 14:30:00+05:30,ASIANPAINT.NS,-0.1765,0.0565,0.0301,-0.143,2
2026-05-25 14:45:00+05:30,ASIANPAINT.NS,-0.0345,-0.0263,-0.015,-0.2784,1
2026-05-25 15:00:00+05:30,ASIANPAINT.NS,-0.0092,0.0113,-0.1731,-0.3085,2
2026-05-25 15:15:00+05:30,ASIANPAINT.NS,-0.0547,-0.1843,-0.2634,-0.2144,2
2026-05-26 09:15:00+05:30,ASIANPAINT.NS,-0.3588,-0.0792,-0.1357,0.147,2
2026-05-26 09:30:00+05:30,ASIANPAINT.NS,-0.2254,-0.0566,0.049,0.1509,2
2026-05-26 09:45:00+05:30,ASIANPAINT.NS,0.0644,0.1057,0.2831,0.3699,2
2026-05-26 10:00:00+05:30,ASIANPAINT.NS,-0.0289,0.1772,0.1018,0.3959,1
2026-05-26 10:15:00+05:30,ASIANPAINT.NS,0.1425,-0.0753,0.0866,0.0828,2
2026-05-26 10:30:00+05:30,ASIANPAINT.NS,-0.0996,0.162,0.2938,0.2109,2
2026-05-26 10:45:00+05:30,ASIANPAINT.NS,0.1405,0.1316,-0.0038,-0.1617,2
2026-05-26 11:00:00+05:30,ASIANPAINT.NS,0.1148,-0.1352,-0.0826,-0.2704,2
2026-05-26 11:15:00+05:30,ASIANPAINT.NS,-0.0315,0.0527,-0.1579,-0.1279,2
2026-05-26 11:30:00+05:30,ASIANPAINT.NS,-0.023,-0.2105,-0.1879,-0.2481,1
2026-05-26 11:45:00+05:30,ASIANPAINT.NS,-0.1174,0.0226,0.0301,-0.0904,1
2026-05-26 12:00:00+05:30,ASIANPAINT.NS,0.0979,0.0075,-0.0603,-0.2109,1
2026-05-26 12:15:00+05:30,ASIANPAINT.NS,0.0092,-0.0678,-0.1205,-0.113,1
2026-05-26 12:30:00+05:30,ASIANPAINT.NS,-0.0454,-0.0527,-0.1507,-0.0188,1
2026-05-26 12:45:00+05:30,ASIANPAINT.NS,-0.0051,-0.098,0.0075,-0.0679,1
2026-05-26 13:00:00+05:30,ASIANPAINT.NS,-0.0156,0.1057,0.1321,-0.0377,1
2026-05-26 13:15:00+05:30,ASIANPAINT.NS,0.0644,0.0264,-0.0754,-0.2563,1
2026-05-26 13:30:00+05:30,ASIANPAINT.NS,0.1433,-0.1018,-0.1696,-0.4635,1
2026-05-26 13:45:00+05:30,ASIANPAINT.NS,-0.0258,-0.0679,-0.1811,-0.1962,2
2026-05-26 14:00:00+05:30,ASIANPAINT.NS,-0.0243,-0.1133,-0.2945,0.034,1
2026-05-26 14:15:00+05:30,ASIANPAINT.NS,-0.1064,-0.1814,-0.0151,-0.0718,1
2026-05-26 14:30:00+05:30,ASIANPAINT.NS,-0.1079,0.1666,0.3294,1.0526,1
2026-05-26 14:45:00+05:30,ASIANPAINT.NS,0.1002,0.1625,-0.0567,0.7749,2
2026-05-26 15:00:00+05:30,ASIANPAINT.NS,0.1784,-0.2189,0.7208,0.7925,1
2026-05-26 15:15:00+05:30,ASIANPAINT.NS,-0.3429,0.9417,0.832,1.093,1
2026-05-27 09:15:00+05:30,ASIANPAINT.NS,0.4731,-0.1087,0.0712,-0.0749,2
2026-05-27 09:30:00+05:30,ASIANPAINT.NS,-0.1007,0.18,0.2588,-0.0713,2
2026-05-27 09:45:00+05:30,ASIANPAINT.NS,0.3026,0.0786,-0.146,0.3669,2
2026-05-27 10:00:00+05:30,ASIANPAINT.NS,-0.1895,-0.2245,-0.3292,0.0187,2
2026-05-27 10:15:00+05:30,ASIANPAINT.NS,-0.2761,-0.105,0.5137,0.6599,2
2026-05-27 10:30:00+05:30,ASIANPAINT.NS,-0.0054,0.6193,0.3491,0.7432,2
2026-05-27 10:45:00+05:30,ASIANPAINT.NS,0.4911,-0.2686,0.1455,-0.1007,1
2026-05-27 11:00:00+05:30,ASIANPAINT.NS,-0.2477,0.4152,0.3927,0.2992,2
2026-05-27 11:15:00+05:30,ASIANPAINT.NS,0.3645,-0.0224,-0.2459,-0.1751,2
2026-05-27 11:30:00+05:30,ASIANPAINT.NS,0.0514,-0.2235,-0.0931,-0.082,1
2026-05-27 11:45:00+05:30,ASIANPAINT.NS,-0.1424,0.1307,0.0709,0.1195,1
2026-05-27 12:00:00+05:30,ASIANPAINT.NS,0.1754,-0.0597,0.0112,-0.2014,1
2026-05-27 12:15:00+05:30,ASIANPAINT.NS,-0.0296,0.0709,0.0485,-0.1642,1
2026-05-27 12:30:00+05:30,ASIANPAINT.NS,-0.0546,-0.0224,-0.2125,-0.2312,1
2026-05-27 12:45:00+05:30,ASIANPAINT.NS,0.1065,-0.1902,-0.2126,-0.0858,1
2026-05-27 13:00:00+05:30,ASIANPAINT.NS,-0.1702,-0.0224,-0.0187,0.1084,2
2026-05-27 13:15:00+05:30,ASIANPAINT.NS,0.0016,0.0037,0.1271,0.0,2
2026-05-27 13:30:00+05:30,ASIANPAINT.NS,-0.0054,0.1233,0.1271,-0.1383,1
2026-05-27 13:45:00+05:30,ASIANPAINT.NS,0.0419,0.0037,-0.1269,-0.2837,2
2026-05-27 14:00:00+05:30,ASIANPAINT.NS,0.0719,-0.1306,-0.265,-0.2762,2
2026-05-27 14:15:00+05:30,ASIANPAINT.NS,-0.1072,-0.1346,-0.157,-0.0187,2
2026-05-27 14:30:00+05:30,ASIANPAINT.NS,-0.0709,-0.0225,-0.0112,-0.2433,2
2026-05-27 14:45:00+05:30,ASIANPAINT.NS,-0.111,0.0112,0.1385,-0.146,1
2026-05-27 15:00:00+05:30,ASIANPAINT.NS,-0.044,0.1273,-0.2321,0.3593,2
2026-05-27 15:15:00+05:30,ASIANPAINT.NS,0.0303,-0.3589,-0.2841,0.1645,1
2026-05-29 09:15:00+05:30,ASIANPAINT.NS,-1.0932,0.075,0.5928,0.0976,2
2026-05-29 09:30:00+05:30,ASIANPAINT.NS,0.1702,0.5174,0.4499,0.3224,1
2026-05-29 09:45:00+05:30,ASIANPAINT.NS,0.3848,-0.0671,-0.4923,-0.2238,1
2026-05-29 10:00:00+05:30,ASIANPAINT.NS,-0.1712,-0.4255,-0.1269,-0.265,2
2026-05-29 10:15:00+05:30,ASIANPAINT.NS,-0.3039,0.2999,0.2699,0.0225,2
2026-05-29 10:30:00+05:30,ASIANPAINT.NS,0.3289,-0.0299,-0.1383,-0.299,1
2026-05-29 10:45:00+05:30,ASIANPAINT.NS,-0.0204,-0.1084,-0.2467,-0.3962,1
2026-05-29 11:00:00+05:30,ASIANPAINT.NS,-0.0804,-0.1385,-0.1609,-0.0823,1
2026-05-29 11:15:00+05:30,ASIANPAINT.NS,-0.172,-0.0225,-0.1499,0.2211,2
2026-05-29 11:30:00+05:30,ASIANPAINT.NS,-0.0237,-0.1274,0.0787,0.3898,2
2026-05-29 11:45:00+05:30,ASIANPAINT.NS,-0.1681,0.2064,0.3715,0.4091,2
2026-05-29 12:00:00+05:30,ASIANPAINT.NS,0.435,0.1648,0.3108,-0.1273,1
2026-05-29 12:15:00+05:30,ASIANPAINT.NS,0.0478,0.1458,0.0374,-0.0374,1
2026-05-29 12:30:00+05:30,ASIANPAINT.NS,0.1086,-0.1083,-0.4368,-0.1269,1
2026-05-29 12:45:00+05:30,ASIANPAINT.NS,-0.0903,-0.3289,-0.0748,0.1495,2
2026-05-29 13:00:00+05:30,ASIANPAINT.NS,-0.0333,0.255,0.3112,1.395,1
2026-05-29 13:15:00+05:30,ASIANPAINT.NS,0.23,0.0561,0.2244,1.6009,1
2026-05-29 13:30:00+05:30,ASIANPAINT.NS,0.0643,0.1682,1.0804,0.2991,1
2026-05-29 13:45:00+05:30,ASIANPAINT.NS,0.2671,0.9106,1.3734,0.6121,1
2026-05-29 14:00:00+05:30,ASIANPAINT.NS,1.0244,0.4586,-0.773,-1.4239,1
2026-05-29 14:15:00+05:30,ASIANPAINT.NS,0.4271,-1.2259,-0.751,-1.6456,1
2026-05-29 14:30:00+05:30,ASIANPAINT.NS,-1.3704,0.4808,-0.656,3.3433,2
2026-05-29 14:45:00+05:30,ASIANPAINT.NS,0.5671,-1.1313,-0.9014,1.2575,1
2026-05-29 15:00:00+05:30,ASIANPAINT.NS,-0.1061,0.2326,4.0257,2.7613,2
2026-05-29 15:15:00+05:30,ASIANPAINT.NS,-0.1389,3.7842,2.1785,2.3132,2
2026-06-01 09:15:00+05:30,ASIANPAINT.NS,1.6054,-1.5472,-1.2154,-1.659,1
2026-06-01 09:30:00+05:30,ASIANPAINT.NS,-1.4767,0.337,0.1319,0.0989,2
2026-06-01 09:45:00+05:30,ASIANPAINT.NS,0.4497,-0.2045,-0.4491,-0.3797,1
2026-06-01 10:00:00+05:30,ASIANPAINT.NS,-0.2073,-0.2451,-0.0329,-0.1719,2
2026-06-01 10:15:00+05:30,ASIANPAINT.NS,-0.1139,0.2127,0.0697,-0.7225,2
2026-06-01 10:30:00+05:30,ASIANPAINT.NS,0.2174,-0.1427,-0.1391,-1.6761,1
2026-06-01 10:45:00+05:30,ASIANPAINT.NS,-0.2841,0.0037,-0.7916,-1.6529,2
2026-06-01 11:00:00+05:30,ASIANPAINT.NS,-0.1941,-0.7952,-1.5392,-1.5245,2
2026-06-01 11:15:00+05:30,ASIANPAINT.NS,-0.5993,-0.7499,-0.8681,-0.8053,2
2026-06-01 11:30:00+05:30,ASIANPAINT.NS,-0.7354,-0.1191,0.0149,-0.2419,2
2026-06-01 11:45:00+05:30,ASIANPAINT.NS,0.0964,0.1342,0.0633,-0.0484,1
2026-06-01 12:00:00+05:30,ASIANPAINT.NS,-0.0186,-0.0707,-0.2568,-0.6438,1
2026-06-01 12:15:00+05:30,ASIANPAINT.NS,-0.0254,-0.1862,-0.1117,-0.6852,2
2026-06-01 12:30:00+05:30,ASIANPAINT.NS,-0.169,0.0746,-0.388,-0.7574,1
2026-06-01 12:45:00+05:30,ASIANPAINT.NS,0.059,-0.4623,-0.5742,-1.0365,1
2026-06-01 13:00:00+05:30,ASIANPAINT.NS,-0.1986,-0.1124,-0.3708,-0.4645,2
2026-06-01 13:15:00+05:30,ASIANPAINT.NS,-0.2053,-0.2587,-0.465,-0.795,2
2026-06-01 13:30:00+05:30,ASIANPAINT.NS,-0.254,-0.2068,-0.094,-0.8271,1
2026-06-01 13:45:00+05:30,ASIANPAINT.NS,-0.098,0.113,-0.3315,-0.7309,2
2026-06-01 14:00:00+05:30,ASIANPAINT.NS,0.3214,-0.444,-0.7338,-0.8768,1
2026-06-01 14:15:00+05:30,ASIANPAINT.NS,-0.3611,-0.2911,-0.4007,-0.3213,2
2026-06-01 14:30:00+05:30,ASIANPAINT.NS,-0.4086,-0.1099,-0.144,0.3563,2
2026-06-01 14:45:00+05:30,ASIANPAINT.NS,0.0535,-0.0342,0.0797,0.2808,1
2026-06-01 15:00:00+05:30,ASIANPAINT.NS,-0.0882,0.1139,0.5011,-0.0494,2
2026-06-01 15:15:00+05:30,ASIANPAINT.NS,0.1613,0.3868,0.201,-0.383,1
2026-06-02 09:15:00+05:30,ASIANPAINT.NS,0.5328,-0.1851,-0.5477,-0.272,1
2026-06-02 09:30:00+05:30,ASIANPAINT.NS,-0.2888,-0.3633,-0.5828,-0.685,1
2026-06-02 09:45:00+05:30,ASIANPAINT.NS,-0.4099,-0.2203,0.2773,-0.5849,2
2026-06-02 10:00:00+05:30,ASIANPAINT.NS,-0.0788,0.4987,-0.1028,-0.5063,2
2026-06-02 10:15:00+05:30,ASIANPAINT.NS,0.1122,-0.5985,-0.8598,-0.553,2
2026-06-02 10:30:00+05:30,ASIANPAINT.NS,-0.5116,-0.2629,-0.4039,-0.2591,2
2026-06-02 10:45:00+05:30,ASIANPAINT.NS,-0.0403,-0.1414,0.3095,-0.1872,2
2026-06-02 11:00:00+05:30,ASIANPAINT.NS,-0.2683,0.4515,0.1454,-0.0344,1
2026-06-02 11:15:00+05:30,ASIANPAINT.NS,0.3469,-0.3047,-0.4951,-0.6285,1
2026-06-02 11:30:00+05:30,ASIANPAINT.NS,-0.1456,-0.191,-0.1796,0.6686,1
2026-06-02 11:45:00+05:30,ASIANPAINT.NS,-0.1656,0.0115,-0.134,1.4813,2
2026-06-02 12:00:00+05:30,ASIANPAINT.NS,0.0299,-0.1454,0.8497,1.3587,2
2026-06-02 12:15:00+05:30,ASIANPAINT.NS,-0.1263,0.9966,1.6175,1.6826,2
2026-06-02 12:30:00+05:30,ASIANPAINT.NS,0.5729,0.6148,0.5047,0.8084,1
2026-06-02 12:45:00+05:30,ASIANPAINT.NS,0.1983,-0.1094,0.0641,0.5356,1
2026-06-02 13:00:00+05:30,ASIANPAINT.NS,-0.1398,0.1737,0.3021,0.4645,2
2026-06-02 13:15:00+05:30,ASIANPAINT.NS,0.0136,0.1282,0.4712,0.1696,1
2026-06-02 13:30:00+05:30,ASIANPAINT.NS,0.1355,0.3426,0.1619,-0.0452,2
2026-06-02 13:45:00+05:30,ASIANPAINT.NS,0.2817,-0.1801,-0.3001,-0.3039,1
2026-06-02 14:00:00+05:30,ASIANPAINT.NS,-0.2799,-0.1203,-0.2067,0.0864,2
2026-06-02 14:15:00+05:30,ASIANPAINT.NS,-0.0453,-0.0865,-0.0038,0.2107,1
2026-06-02 14:30:00+05:30,ASIANPAINT.NS,0.1845,0.0829,0.2938,0.0565,2
2026-06-02 14:45:00+05:30,ASIANPAINT.NS,0.1342,0.2107,0.2145,0.4478,1
2026-06-02 15:00:00+05:30,ASIANPAINT.NS,0.0078,0.0038,-0.2366,-0.1089,1
2026-06-02 15:15:00+05:30,ASIANPAINT.NS,-0.094,-0.2403,0.2328,-0.0789,2
2026-06-03 09:15:00+05:30,ASIANPAINT.NS,0.7981,0.4743,0.128,-0.3614,2
2026-06-03 09:30:00+05:30,ASIANPAINT.NS,0.5646,-0.3447,-0.311,-1.0453,1
2026-06-03 09:45:00+05:30,ASIANPAINT.NS,-0.3041,0.0338,-0.4887,-0.5338,1
2026-06-03 10:00:00+05:30,ASIANPAINT.NS,0.0582,-0.5224,-0.7366,-0.3232,1
2026-06-03 10:15:00+05:30,ASIANPAINT.NS,-0.555,-0.2153,-0.0453,0.3627,2
2026-06-03 10:30:00+05:30,ASIANPAINT.NS,-0.1676,0.1704,0.4165,0.7269,2
2026-06-03 10:45:00+05:30,ASIANPAINT.NS,0.1655,0.2457,0.4082,0.1928,1
2026-06-03 11:00:00+05:30,ASIANPAINT.NS,0.3128,0.1621,0.3092,-0.0679,1
2026-06-03 11:15:00+05:30,ASIANPAINT.NS,0.0905,0.1468,-0.2146,0.1129,1
2026-06-03 11:30:00+05:30,ASIANPAINT.NS,0.2303,-0.3608,-0.3759,0.218,2
2026-06-03 11:45:00+05:30,ASIANPAINT.NS,-0.2851,-0.0151,0.3282,0.3621,2
2026-06-03 12:00:00+05:30,ASIANPAINT.NS,0.0126,0.3433,0.5961,0.2792,2
2026-06-03 12:15:00+05:30,ASIANPAINT.NS,0.0792,0.2519,0.0338,0.0301,1
2026-06-03 12:30:00+05:30,ASIANPAINT.NS,-0.1474,-0.2175,-0.315,-0.3113,2
2026-06-03 12:45:00+05:30,ASIANPAINT.NS,-0.0755,-0.0977,-0.0038,0.0038,2
2026-06-03 13:00:00+05:30,ASIANPAINT.NS,-0.1623,0.0941,0.0038,0.2935,2
2026-06-03 13:15:00+05:30,ASIANPAINT.NS,-0.1165,-0.0902,0.0075,0.2331,1
2026-06-03 13:30:00+05:30,ASIANPAINT.NS,0.0146,0.0978,0.2897,0.4214,1
2026-06-03 13:45:00+05:30,ASIANPAINT.NS,-0.0688,0.1917,0.2255,0.3721,2
2026-06-03 14:00:00+05:30,ASIANPAINT.NS,0.0561,0.0338,0.1313,-0.09,1
2026-06-03 14:15:00+05:30,ASIANPAINT.NS,-0.0901,0.0975,0.1462,-0.6225,2
2026-06-03 14:30:00+05:30,ASIANPAINT.NS,-0.0514,0.0487,-0.221,0.1836,1
2026-06-03 14:45:00+05:30,ASIANPAINT.NS,0.0328,-0.2696,-0.7676,0.88,1
2026-06-03 15:00:00+05:30,ASIANPAINT.NS,-0.0688,-0.4994,0.4055,0.8824,2
2026-06-03 15:15:00+05:30,ASIANPAINT.NS,-0.4955,0.9094,1.6604,1.4679,2
2026-06-04 09:15:00+05:30,ASIANPAINT.NS,0.3694,0.7442,0.4749,0.7442,1
2026-06-04 09:30:00+05:30,ASIANPAINT.NS,0.6295,-0.2673,-0.1893,-0.1967,1
2026-06-04 09:45:00+05:30,ASIANPAINT.NS,-0.4914,0.0782,0.268,-0.4243,2
2026-06-04 10:00:00+05:30,ASIANPAINT.NS,-0.0395,0.1897,-0.0074,-0.5578,1
2026-06-04 10:15:00+05:30,ASIANPAINT.NS,0.1994,-0.1967,-0.6904,-0.8389,1
2026-06-04 10:30:00+05:30,ASIANPAINT.NS,-0.1477,-0.4947,-0.5505,-0.4277,2
2026-06-04 10:45:00+05:30,ASIANPAINT.NS,-0.5538,-0.0561,-0.1495,-0.1383,2
2026-06-04 11:00:00+05:30,ASIANPAINT.NS,0.0165,-0.0935,0.1234,-0.2132,2
2026-06-04 11:15:00+05:30,ASIANPAINT.NS,-0.0535,0.2171,0.0112,-0.0037,2
2026-06-04 11:30:00+05:30,ASIANPAINT.NS,-0.0122,-0.2054,-0.3362,-0.5267,1
2026-06-04 11:45:00+05:30,ASIANPAINT.NS,-0.115,-0.131,-0.015,-0.2059,2
2026-06-04 12:00:00+05:30,ASIANPAINT.NS,-0.2038,0.1162,-0.1911,-0.5472,2
2026-06-04 12:15:00+05:30,ASIANPAINT.NS,0.1491,-0.307,-0.1909,-0.7262,1
2026-06-04 12:30:00+05:30,ASIANPAINT.NS,-0.1145,0.1164,-0.3567,-0.2216,2
2026-06-04 12:45:00+05:30,ASIANPAINT.NS,-0.0106,-0.4726,-0.5363,-0.2138,1
2026-06-04 13:00:00+05:30,ASIANPAINT.NS,-0.1245,-0.0641,0.1357,0.26,2
2026-06-04 13:15:00+05:30,ASIANPAINT.NS,-0.1716,0.1999,0.3243,0.4412,2
2026-06-04 13:30:00+05:30,ASIANPAINT.NS,0.2233,0.1242,0.1242,-0.0075,1
2026-06-04 13:45:00+05:30,ASIANPAINT.NS,0.0829,0.0,0.1165,-0.1353,1
2026-06-04 14:00:00+05:30,ASIANPAINT.NS,-0.1926,0.1165,-0.1316,0.1015,2
2026-06-04 14:15:00+05:30,ASIANPAINT.NS,0.0857,-0.2478,-0.2515,-0.0751,2
2026-06-04 14:30:00+05:30,ASIANPAINT.NS,-0.2925,-0.0038,0.2333,0.3688,1
2026-06-04 14:45:00+05:30,ASIANPAINT.NS,0.0737,0.2371,0.1769,1.0125,2
2026-06-04 15:00:00+05:30,ASIANPAINT.NS,0.2195,-0.0601,0.1352,0.7397,1
2026-06-04 15:15:00+05:30,ASIANPAINT.NS,-0.1533,0.1954,0.8341,0.9693,1
2026-06-05 09:15:00+05:30,ASIANPAINT.NS,0.0986,0.6375,0.6037,0.7012,1
2026-06-05 09:30:00+05:30,ASIANPAINT.NS,0.5782,-0.0335,0.1341,0.231,1
2026-06-05 09:45:00+05:30,ASIANPAINT.NS,0.1032,0.1677,0.0969,0.3727,1
2026-06-05 10:00:00+05:30,ASIANPAINT.NS,0.0431,-0.0707,0.0968,0.1563,1
2026-06-05 10:15:00+05:30,ASIANPAINT.NS,-0.1349,0.1676,0.2756,0.0559,1
2026-06-05 10:30:00+05:30,ASIANPAINT.NS,0.6339,0.1078,0.0595,-0.1338,2
2026-06-05 10:45:00+05:30,ASIANPAINT.NS,0.017,-0.0483,-0.2191,-0.4233,1
2026-06-05 11:00:00+05:30,ASIANPAINT.NS,-0.2634,-0.1709,-0.1932,-0.2972,1
2026-06-05 11:15:00+05:30,ASIANPAINT.NS,-0.0765,-0.0223,-0.2047,0.1861,1
2026-06-05 11:30:00+05:30,ASIANPAINT.NS,-0.0415,-0.1824,-0.1042,0.1787,2
2026-06-05 11:45:00+05:30,ASIANPAINT.NS,-0.0566,0.0783,0.3916,0.4885,2
2026-06-05 12:00:00+05:30,ASIANPAINT.NS,-0.0995,0.313,0.2832,0.3726,1
2026-06-05 12:15:00+05:30,ASIANPAINT.NS,0.3135,-0.0297,0.0966,0.2229,1
2026-06-05 12:30:00+05:30,ASIANPAINT.NS,0.2357,0.1263,0.0892,-0.0594,1
2026-06-05 12:45:00+05:30,ASIANPAINT.NS,0.1386,-0.0371,0.1262,-0.0779,1
2026-06-05 13:00:00+05:30,ASIANPAINT.NS,0.1175,0.1633,-0.1485,-0.0928,1
2026-06-05 13:15:00+05:30,ASIANPAINT.NS,0.2805,-0.3113,-0.2039,-0.2595,1
2026-06-05 13:30:00+05:30,ASIANPAINT.NS,-0.2445,0.1078,0.0558,0.2417,2
2026-06-05 13:45:00+05:30,ASIANPAINT.NS,-0.0229,-0.052,-0.0557,0.0186,2
2026-06-05 14:00:00+05:30,ASIANPAINT.NS,-0.0273,-0.0037,0.1858,-0.1561,2
2026-06-05 14:15:00+05:30,ASIANPAINT.NS,-0.1354,0.1895,0.0743,-0.5277,2
2026-06-05 14:30:00+05:30,ASIANPAINT.NS,-0.0192,-0.115,-0.3412,-1.7729,1
2026-06-05 14:45:00+05:30,ASIANPAINT.NS,0.0325,-0.2265,-0.6016,-1.4296,1
2026-06-05 15:00:00+05:30,ASIANPAINT.NS,-0.2634,-0.3759,-1.4366,-0.9528,2
2026-06-05 15:15:00+05:30,ASIANPAINT.NS,-0.382,-1.0647,-0.8331,-0.579,2
2026-06-08 09:15:00+05:30,ASIANPAINT.NS,-0.0806,0.2341,0.4909,0.3701,1
2026-06-08 09:30:00+05:30,ASIANPAINT.NS,0.2285,0.2562,0.2562,0.1695,1
2026-06-08 09:45:00+05:30,ASIANPAINT.NS,0.0661,0.0,-0.1202,-0.1127,1
2026-06-08 10:00:00+05:30,ASIANPAINT.NS,0.084,-0.1202,-0.0864,-0.2029,2
2026-06-08 10:15:00+05:30,ASIANPAINT.NS,-0.1074,0.0339,0.0075,0.0828,2
2026-06-08 10:30:00+05:30,ASIANPAINT.NS,-0.0458,-0.0263,-0.1166,-0.015,2
2026-06-08 10:45:00+05:30,ASIANPAINT.NS,-0.1387,-0.0903,0.0752,0.0376,1
2026-06-08 11:00:00+05:30,ASIANPAINT.NS,-0.0259,0.1657,0.1017,-0.2184,2
2026-06-08 11:15:00+05:30,ASIANPAINT.NS,0.1828,-0.0639,-0.0376,-0.7105,1
2026-06-08 11:30:00+05:30,ASIANPAINT.NS,-0.1341,0.0263,-0.3197,-0.41,1
2026-06-08 11:45:00+05:30,ASIANPAINT.NS,0.0329,-0.346,-0.6731,-0.1203,2
2026-06-08 12:00:00+05:30,ASIANPAINT.NS,-0.442,-0.3283,-0.0906,0.249,2
2026-06-08 12:15:00+05:30,ASIANPAINT.NS,-0.3742,0.2385,0.5565,0.9843,2
2026-06-08 12:30:00+05:30,ASIANPAINT.NS,0.1544,0.3173,0.3399,0.778,1
2026-06-08 12:45:00+05:30,ASIANPAINT.NS,0.3001,0.0226,0.4254,0.2221,1
2026-06-08 13:00:00+05:30,ASIANPAINT.NS,0.1438,0.4028,0.4366,0.1957,1
2026-06-08 13:15:00+05:30,ASIANPAINT.NS,0.4311,0.0337,-0.2024,-0.1162,1
2026-06-08 13:30:00+05:30,ASIANPAINT.NS,0.2074,-0.2361,-0.2399,0.1012,1
2026-06-08 13:45:00+05:30,ASIANPAINT.NS,-0.2086,-0.0038,0.0864,-0.0413,1
2026-06-08 14:00:00+05:30,ASIANPAINT.NS,0.0453,0.0902,0.3419,0.0526,2
2026-06-08 14:15:00+05:30,ASIANPAINT.NS,0.186,0.2515,-0.1276,-0.3416,1
2026-06-08 14:30:00+05:30,ASIANPAINT.NS,0.1163,-0.3781,-0.2883,0.4118,1
2026-06-08 14:45:00+05:30,ASIANPAINT.NS,-0.3641,0.0902,-0.2142,0.8944,2
2026-06-08 15:00:00+05:30,ASIANPAINT.NS,0.3046,-0.3041,0.7021,0.7622,2
2026-06-08 15:15:00+05:30,ASIANPAINT.NS,-0.158,1.0093,1.111,1.0131,2
2026-06-09 09:15:00+05:30,ASIANPAINT.NS,0.6714,0.1007,0.0597,-0.1454,1
2026-06-09 09:30:00+05:30,ASIANPAINT.NS,0.224,-0.041,-0.0968,-0.3762,2
2026-06-09 09:45:00+05:30,ASIANPAINT.NS,-0.0054,-0.0559,-0.2049,-0.2795,1
2026-06-09 10:00:00+05:30,ASIANPAINT.NS,0.0352,-0.1491,-0.2796,-0.3057,2
2026-06-09 10:15:00+05:30,ASIANPAINT.NS,-0.1295,-0.1307,-0.0747,-0.071,1
2026-06-09 10:30:00+05:30,ASIANPAINT.NS,-0.1356,0.0561,-0.0262,0.5459,2
2026-06-09 10:45:00+05:30,ASIANPAINT.NS,0.0905,-0.0822,0.0037,0.4484,2
2026-06-09 11:00:00+05:30,ASIANPAINT.NS,-0.0434,0.086,0.5722,0.4637,2
2026-06-09 11:15:00+05:30,ASIANPAINT.NS,0.1317,0.4858,0.4447,0.7025,1
2026-06-09 11:30:00+05:30,ASIANPAINT.NS,0.419,-0.0409,-0.1078,0.2901,1
2026-06-09 11:45:00+05:30,ASIANPAINT.NS,-0.1278,-0.067,0.2567,0.2678,2
2026-06-09 12:00:00+05:30,ASIANPAINT.NS,-0.0428,0.3239,0.3983,0.7557,2
2026-06-09 12:15:00+05:30,ASIANPAINT.NS,0.2549,0.0742,0.0111,0.3191,1
2026-06-09 12:30:00+05:30,ASIANPAINT.NS,0.0403,-0.063,0.356,0.3782,1
2026-06-09 12:45:00+05:30,ASIANPAINT.NS,0.0468,0.4193,0.3079,0.3005,1
2026-06-09 13:00:00+05:30,ASIANPAINT.NS,0.2854,-0.1108,0.0222,-0.1035,1
2026-06-09 13:15:00+05:30,ASIANPAINT.NS,-0.1044,0.1332,-0.0074,0.0444,1
2026-06-09 13:30:00+05:30,ASIANPAINT.NS,0.0772,-0.1404,-0.1256,0.2881,1
2026-06-09 13:45:00+05:30,ASIANPAINT.NS,-0.03,0.0148,0.0518,0.1628,2
2026-06-09 14:00:00+05:30,ASIANPAINT.NS,-0.0576,0.037,0.4142,0.1997,2
2026-06-09 14:15:00+05:30,ASIANPAINT.NS,-0.0161,0.3771,0.1109,0.122,2
2026-06-09 14:30:00+05:30,ASIANPAINT.NS,0.2239,-0.2652,-0.2136,0.8803,1
2026-06-09 14:45:00+05:30,ASIANPAINT.NS,-0.3799,0.0517,0.0111,1.0082,2
2026-06-09 15:00:00+05:30,ASIANPAINT.NS,0.1799,-0.0406,1.0963,1.0963,1
2026-06-09 15:15:00+05:30,ASIANPAINT.NS,-0.0899,1.1373,0.997,0.9859,1
2026-06-10 09:15:00+05:30,ASIANPAINT.NS,0.8187,-0.1387,0.0,-0.2884,1
2026-06-10 09:30:00+05:30,ASIANPAINT.NS,-0.2056,0.1389,-0.011,-0.0987,2
2026-06-10 09:45:00+05:30,ASIANPAINT.NS,0.0471,-0.1497,-0.2884,-0.3359,1
2026-06-10 10:00:00+05:30,ASIANPAINT.NS,0.0808,-0.139,-0.0878,0.0183,2
2026-06-10 10:15:00+05:30,ASIANPAINT.NS,-0.148,0.0513,-0.0476,0.1428,2
2026-06-10 10:30:00+05:30,ASIANPAINT.NS,-0.0626,-0.0988,0.1061,-0.0183,1
2026-06-10 10:45:00+05:30,ASIANPAINT.NS,-0.2428,0.2052,0.1905,0.1795,2
2026-06-10 11:00:00+05:30,ASIANPAINT.NS,0.2261,-0.0146,-0.1243,-0.0366,1
2026-06-10 11:15:00+05:30,ASIANPAINT.NS,-0.1061,-0.1097,-0.011,0.0,2
2026-06-10 11:30:00+05:30,ASIANPAINT.NS,-0.1522,0.0988,0.0879,0.1354,2
2026-06-10 11:45:00+05:30,ASIANPAINT.NS,0.1123,-0.011,0.011,0.0585,1
2026-06-10 12:00:00+05:30,ASIANPAINT.NS,0.0594,0.0219,0.0475,0.1573,1
2026-06-10 12:15:00+05:30,ASIANPAINT.NS,0.0965,0.0256,0.0475,0.128,1
2026-06-10 12:30:00+05:30,ASIANPAINT.NS,0.1462,0.0219,0.1097,-0.1133,1
2026-06-10 12:45:00+05:30,ASIANPAINT.NS,-0.127,0.0877,0.0804,-0.2266,1
2026-06-10 13:00:00+05:30,ASIANPAINT.NS,-0.0452,-0.0073,-0.2227,-0.314,1
2026-06-10 13:15:00+05:30,ASIANPAINT.NS,0.0241,-0.2155,-0.3067,-0.398,2
2026-06-10 13:30:00+05:30,ASIANPAINT.NS,-0.0483,-0.0915,-0.0915,-0.4318,1
2026-06-10 13:45:00+05:30,ASIANPAINT.NS,-0.0686,0.0,-0.0916,-0.4103,1
2026-06-10 14:00:00+05:30,ASIANPAINT.NS,0.1363,-0.0916,-0.3407,-0.5861,1
2026-06-10 14:15:00+05:30,ASIANPAINT.NS,-0.0841,-0.2493,-0.319,-0.4546,1
2026-06-10 14:30:00+05:30,ASIANPAINT.NS,-0.0438,-0.0698,-0.2463,-0.7572,2
2026-06-10 14:45:00+05:30,ASIANPAINT.NS,-0.0436,-0.1766,-0.1361,-0.5554,1
2026-06-10 15:00:00+05:30,ASIANPAINT.NS,0.0692,0.0405,-0.5122,-0.6632,1
2026-06-10 15:15:00+05:30,ASIANPAINT.NS,-0.0256,-0.5525,-0.4199,-0.8619,2
2026-06-11 09:15:00+05:30,ASIANPAINT.NS,0.6871,0.1333,-0.1518,-0.2296,1
2026-06-11 09:30:00+05:30,ASIANPAINT.NS,-0.0309,-0.2848,-0.4438,-0.4734,1
2026-06-11 09:45:00+05:30,ASIANPAINT.NS,-0.1541,-0.1595,-0.0779,-0.1706,2
2026-06-11 10:00:00+05:30,ASIANPAINT.NS,-0.3024,0.0817,-0.0297,-0.0074,2
2026-06-11 10:15:00+05:30,ASIANPAINT.NS,-0.1764,-0.1114,-0.0928,0.1039,1
2026-06-11 10:30:00+05:30,ASIANPAINT.NS,-0.1352,0.0186,0.0223,0.1598,1
2026-06-11 10:45:00+05:30,ASIANPAINT.NS,0.1454,0.0037,0.1969,0.1746,1
2026-06-11 11:00:00+05:30,ASIANPAINT.NS,-0.0183,0.1932,0.1375,-0.1895,2
2026-06-11 11:15:00+05:30,ASIANPAINT.NS,-0.0582,-0.0556,-0.0222,-0.3374,1
2026-06-11 11:30:00+05:30,ASIANPAINT.NS,-0.1135,0.0334,-0.3265,-0.3859,2
2026-06-11 11:45:00+05:30,ASIANPAINT.NS,-0.1366,-0.3598,-0.3153,-0.3449,2
2026-06-11 12:00:00+05:30,ASIANPAINT.NS,-0.4722,0.0447,-0.0596,-0.201,2
2026-06-11 12:15:00+05:30,ASIANPAINT.NS,-0.0122,-0.1042,-0.0298,-0.387,2
2026-06-11 12:30:00+05:30,ASIANPAINT.NS,-0.1127,0.0745,-0.1415,-0.1527,2
2026-06-11 12:45:00+05:30,ASIANPAINT.NS,0.0213,-0.2159,-0.3573,-0.1191,1
2026-06-11 13:00:00+05:30,ASIANPAINT.NS,0.001,-0.1417,-0.0112,0.0373,1
2026-06-11 13:15:00+05:30,ASIANPAINT.NS,-0.0661,0.1307,0.2391,0.3175,2
2026-06-11 13:30:00+05:30,ASIANPAINT.NS,0.1503,0.1082,0.0485,0.0149,1
2026-06-11 13:45:00+05:30,ASIANPAINT.NS,0.0726,-0.0596,0.0782,0.0298,1
2026-06-11 14:00:00+05:30,ASIANPAINT.NS,0.0017,0.138,-0.0336,0.2759,1
2026-06-11 14:15:00+05:30,ASIANPAINT.NS,0.0507,-0.1713,-0.0484,0.1936,2
2026-06-11 14:30:00+05:30,ASIANPAINT.NS,0.01,0.1231,0.3096,1.6113,2
2026-06-11 14:45:00+05:30,ASIANPAINT.NS,0.237,0.1863,0.2421,1.1772,1
2026-06-11 15:00:00+05:30,ASIANPAINT.NS,0.1751,0.0558,1.2977,0.8403,1
2026-06-11 15:15:00+05:30,ASIANPAINT.NS,-0.036,1.2412,0.9328,0.8993,1
2026-06-12 09:15:00+05:30,ASIANPAINT.NS,0.2266,-0.3047,-0.4515,-0.0881,1
2026-06-12 09:30:00+05:30,ASIANPAINT.NS,-0.1647,-0.1473,-0.0331,0.9021,2
2026-06-12 09:45:00+05:30,ASIANPAINT.NS,-0.0738,0.1143,0.365,0.9108,1
2026-06-12 10:00:00+05:30,ASIANPAINT.NS,0.0628,0.2504,0.9355,0.9171,2
2026-06-12 10:15:00+05:30,ASIANPAINT.NS,0.2474,0.6833,0.5437,0.2792,1
2026-06-12 10:30:00+05:30,ASIANPAINT.NS,0.6707,-0.1387,-0.0182,-0.4306,1
2026-06-12 10:45:00+05:30,ASIANPAINT.NS,-0.2027,0.1206,-0.2631,-0.1754,2
2026-06-12 11:00:00+05:30,ASIANPAINT.NS,0.0399,-0.3832,-0.4124,-0.4818,1
2026-06-12 11:15:00+05:30,ASIANPAINT.NS,-0.2868,-0.0293,0.0879,0.0403,2
2026-06-12 11:30:00+05:30,ASIANPAINT.NS,-0.0991,0.1173,-0.0696,-0.1576,2
2026-06-12 11:45:00+05:30,ASIANPAINT.NS,0.1021,-0.1867,-0.0476,-0.4246,2
2026-06-12 12:00:00+05:30,ASIANPAINT.NS,-0.0505,0.1394,-0.088,-0.1284,1
2026-06-12 12:15:00+05:30,ASIANPAINT.NS,0.0494,-0.2271,-0.3772,0.1062,1
2026-06-12 12:30:00+05:30,ASIANPAINT.NS,-0.0373,-0.1505,-0.0404,0.8552,2
2026-06-12 12:45:00+05:30,ASIANPAINT.NS,-0.1604,0.1103,0.4852,0.9631,2
2026-06-12 13:00:00+05:30,ASIANPAINT.NS,0.0585,0.3745,0.896,0.9033,1
2026-06-12 13:15:00+05:30,ASIANPAINT.NS,0.1812,0.5195,0.4756,0.6036,1
2026-06-12 13:30:00+05:30,ASIANPAINT.NS,0.1669,-0.0437,0.0073,-0.2038,1
2026-06-12 13:45:00+05:30,ASIANPAINT.NS,-0.1843,0.051,0.1274,-0.1274,2
2026-06-12 14:00:00+05:30,ASIANPAINT.NS,-0.032,0.0764,-0.2111,0.0328,2
2026-06-12 14:15:00+05:30,ASIANPAINT.NS,-0.1197,-0.2873,-0.2545,-0.36,2
2026-06-12 14:30:00+05:30,ASIANPAINT.NS,-0.3451,0.0328,0.2443,3.1107,2
2026-06-12 14:45:00+05:30,ASIANPAINT.NS,-0.1358,0.2114,-0.1057,1.6405,1
2026-06-12 15:00:00+05:30,ASIANPAINT.NS,0.1528,-0.3165,2.8594,1.5643,1
2026-06-12 15:15:00+05:30,ASIANPAINT.NS,-0.3259,3.186,1.7481,1.6313,2
2026-06-15 09:15:00+05:30,ASIANPAINT.NS,1.146,-1.3935,-1.2591,-1.5774,1
2026-06-15 09:30:00+05:30,ASIANPAINT.NS,-1.4437,0.1363,-0.1148,-0.269,2
2026-06-15 09:45:00+05:30,ASIANPAINT.NS,0.2166,-0.2507,-0.3224,-0.5373,1
2026-06-15 10:00:00+05:30,ASIANPAINT.NS,-0.2917,-0.0718,-0.1544,-0.4166,2
2026-06-15 10:15:00+05:30,ASIANPAINT.NS,-0.131,-0.0827,-0.2156,-0.3522,1
2026-06-15 10:30:00+05:30,ASIANPAINT.NS,-0.149,-0.1331,-0.2625,-0.6653,2
2026-06-15 10:45:00+05:30,ASIANPAINT.NS,-0.2243,-0.1296,-0.1368,-0.2449,2
2026-06-15 11:00:00+05:30,ASIANPAINT.NS,0.0247,-0.0072,-0.4039,-0.75,1
2026-06-15 11:15:00+05:30,ASIANPAINT.NS,-0.1024,-0.3967,-0.1082,-0.7862,2
2026-06-15 11:30:00+05:30,ASIANPAINT.NS,-0.3106,0.2896,-0.3476,-0.4127,2
2026-06-15 11:45:00+05:30,ASIANPAINT.NS,0.2717,-0.6354,-0.6787,-0.7726,1
2026-06-15 12:00:00+05:30,ASIANPAINT.NS,-0.51,-0.0436,-0.0654,-0.1998,2
2026-06-15 12:15:00+05:30,ASIANPAINT.NS,0.1229,-0.0218,-0.0945,-0.2326,1
2026-06-15 12:30:00+05:30,ASIANPAINT.NS,-0.0906,-0.0727,-0.1345,-0.2,2
2026-06-15 12:45:00+05:30,ASIANPAINT.NS,-0.0649,-0.0619,-0.1383,0.0509,1
2026-06-15 13:00:00+05:30,ASIANPAINT.NS,-0.1033,-0.0764,-0.0655,-0.0692,2
2026-06-15 13:15:00+05:30,ASIANPAINT.NS,-0.0434,0.0109,0.1894,0.0036,2
2026-06-15 13:30:00+05:30,ASIANPAINT.NS,0.0584,0.1785,-0.0036,-0.1676,1
2026-06-15 13:45:00+05:30,ASIANPAINT.NS,0.1367,-0.1818,-0.1855,-0.4436,1
2026-06-15 14:00:00+05:30,ASIANPAINT.NS,-0.1159,-0.0036,-0.1639,-0.2113,2
2026-06-15 14:15:00+05:30,ASIANPAINT.NS,-0.0796,-0.1603,-0.2587,-0.2987,1
2026-06-15 14:30:00+05:30,ASIANPAINT.NS,-0.2233,-0.0985,-0.0474,0.2773,2
2026-06-15 14:45:00+05:30,ASIANPAINT.NS,0.0152,0.0511,-0.0402,0.263,1
2026-06-15 15:00:00+05:30,ASIANPAINT.NS,0.2101,-0.0913,0.3249,0.4235,2
2026-06-15 15:15:00+05:30,ASIANPAINT.NS,-0.172,0.4166,0.3033,0.6687,2
2026-06-16 09:15:00+05:30,ASIANPAINT.NS,0.0905,-0.1128,0.0982,0.524,1
2026-06-16 09:30:00+05:30,ASIANPAINT.NS,-0.0391,0.2113,0.3643,0.8197,2
2026-06-16 09:45:00+05:30,ASIANPAINT.NS,0.1091,0.1527,0.4253,0.5889,2
2026-06-16 10:00:00+05:30,ASIANPAINT.NS,0.287,0.2722,0.4537,0.1307,1
2026-06-16 10:15:00+05:30,ASIANPAINT.NS,0.118,0.181,0.1629,-0.105,1
2026-06-16 10:30:00+05:30,ASIANPAINT.NS,0.1051,-0.0181,-0.3216,-0.4842,2
2026-06-16 10:45:00+05:30,ASIANPAINT.NS,-0.0375,-0.3036,-0.2674,-0.5457,2
2026-06-16 11:00:00+05:30,ASIANPAINT.NS,-0.1993,0.0363,-0.1631,-0.2864,2
2026-06-16 11:15:00+05:30,ASIANPAINT.NS,0.0937,-0.1993,-0.279,-0.2863,2
2026-06-16 11:30:00+05:30,ASIANPAINT.NS,-0.1822,-0.0799,-0.1235,-0.0036,2
2026-06-16 11:45:00+05:30,ASIANPAINT.NS,-0.1171,-0.0436,-0.0073,-0.069,2
2026-06-16 12:00:00+05:30,ASIANPAINT.NS,-0.002,0.0364,0.12,-0.0109,1
2026-06-16 12:15:00+05:30,ASIANPAINT.NS,-0.0351,0.0836,-0.0618,0.1417,2
2026-06-16 12:30:00+05:30,ASIANPAINT.NS,0.1306,-0.1452,-0.1307,-0.167,1
2026-06-16 12:45:00+05:30,ASIANPAINT.NS,-0.1901,0.0145,0.2036,-0.0291,2
2026-06-16 13:00:00+05:30,ASIANPAINT.NS,-0.0308,0.1891,-0.0364,-0.0509,2
2026-06-16 13:15:00+05:30,ASIANPAINT.NS,0.1025,-0.225,-0.2323,-0.2395,1
2026-06-16 13:30:00+05:30,ASIANPAINT.NS,-0.2169,-0.0073,-0.0145,-0.1055,2
2026-06-16 13:45:00+05:30,ASIANPAINT.NS,-0.0227,-0.0073,-0.0073,-0.16,2
2026-06-16 14:00:00+05:30,ASIANPAINT.NS,-0.1313,0.0,-0.0909,0.0109,1
2026-06-16 14:15:00+05:30,ASIANPAINT.NS,0.0443,-0.0909,-0.1528,-0.0327,1
2026-06-16 14:30:00+05:30,ASIANPAINT.NS,-0.0103,-0.0619,0.1019,0.4151,1
2026-06-16 14:45:00+05:30,ASIANPAINT.NS,-0.1755,0.1639,0.1202,0.47,2
2026-06-16 15:00:00+05:30,ASIANPAINT.NS,0.0997,-0.0436,0.3128,0.3128,1
2026-06-16 15:15:00+05:30,ASIANPAINT.NS,-0.0771,0.3566,0.3493,0.2511,2
2026-06-17 09:15:00+05:30,ASIANPAINT.NS,0.1392,-0.0073,0.0,-0.2103,1
2026-06-17 09:30:00+05:30,ASIANPAINT.NS,-0.1833,0.0073,-0.0979,-0.2067,2
2026-06-17 09:45:00+05:30,ASIANPAINT.NS,-0.0049,-0.1051,-0.2103,-0.4351,1
2026-06-17 10:00:00+05:30,ASIANPAINT.NS,-0.0067,-0.1053,-0.1089,-0.2976,2
2026-06-17 10:15:00+05:30,ASIANPAINT.NS,-0.2009,-0.0036,-0.2253,-0.2398,2
2026-06-17 10:30:00+05:30,ASIANPAINT.NS,-0.0382,-0.2217,-0.189,-0.1672,2
2026-06-17 10:45:00+05:30,ASIANPAINT.NS,-0.1953,0.0328,-0.0146,-0.1748,2
2026-06-17 11:00:00+05:30,ASIANPAINT.NS,0.0146,-0.0473,0.0218,-0.1019,2
2026-06-17 11:15:00+05:30,ASIANPAINT.NS,-0.1053,0.0692,-0.1603,-0.1566,2
2026-06-17 11:30:00+05:30,ASIANPAINT.NS,0.0674,-0.2293,-0.1237,-0.2548,2
2026-06-17 11:45:00+05:30,ASIANPAINT.NS,-0.1305,0.1058,0.0036,0.0146,2
2026-06-17 12:00:00+05:30,ASIANPAINT.NS,0.1324,-0.102,-0.1312,-0.3207,1
2026-06-17 12:15:00+05:30,ASIANPAINT.NS,-0.0761,-0.0292,0.0109,-0.135,2
2026-06-17 12:30:00+05:30,ASIANPAINT.NS,-0.0225,0.0401,-0.1898,0.0912,1
2026-06-17 12:45:00+05:30,ASIANPAINT.NS,0.1078,-0.2298,-0.1459,-0.1386,2
2026-06-17 13:00:00+05:30,ASIANPAINT.NS,-0.1637,0.0841,0.2815,-0.0475,2
2026-06-17 13:15:00+05:30,ASIANPAINT.NS,-0.04,0.1973,0.0073,-0.0913,2
2026-06-17 13:30:00+05:30,ASIANPAINT.NS,0.1088,-0.1896,-0.3281,-0.113,2
2026-06-17 13:45:00+05:30,ASIANPAINT.NS,-0.1694,-0.1388,-0.0986,0.0986,1
2026-06-17 14:00:00+05:30,ASIANPAINT.NS,-0.1535,0.0402,0.2158,0.1683,1
2026-06-17 14:15:00+05:30,ASIANPAINT.NS,0.1345,0.1755,0.1974,0.0256,1
2026-06-17 14:30:00+05:30,ASIANPAINT.NS,0.0718,0.0219,-0.0475,-0.3723,2
2026-06-17 14:45:00+05:30,ASIANPAINT.NS,-0.1307,-0.0693,-0.1715,0.1569,2
2026-06-17 15:00:00+05:30,ASIANPAINT.NS,-0.1174,-0.1022,-0.325,0.3433,2
2026-06-17 15:15:00+05:30,ASIANPAINT.NS,-0.0987,-0.223,0.329,0.3655,1
2026-06-18 09:15:00+05:30,ASIANPAINT.NS,-0.6644,0.5532,0.6704,0.6118,2
2026-06-18 09:30:00+05:30,ASIANPAINT.NS,0.4507,0.1166,0.0364,-0.1166,1
2026-06-18 09:45:00+05:30,ASIANPAINT.NS,0.0701,-0.0801,-0.0582,-0.1055,1
2026-06-18 10:00:00+05:30,ASIANPAINT.NS,-0.1111,0.0219,-0.153,0.2076,2
2026-06-18 10:15:00+05:30,ASIANPAINT.NS,0.0752,-0.1748,-0.0473,-0.1056,1
2026-06-18 10:30:00+05:30,ASIANPAINT.NS,-0.0286,0.1277,0.3611,0.0182,1
2026-06-18 10:45:00+05:30,ASIANPAINT.NS,0.0614,0.2331,-0.0583,-0.0255,1
2026-06-18 11:00:00+05:30,ASIANPAINT.NS,0.3543,-0.2908,-0.3416,-0.149,1
2026-06-18 11:15:00+05:30,ASIANPAINT.NS,-0.2186,-0.051,0.0328,0.0802,2
2026-06-18 11:30:00+05:30,ASIANPAINT.NS,-0.106,0.0839,0.1933,0.1094,1
2026-06-18 11:45:00+05:30,ASIANPAINT.NS,0.0424,0.1093,0.0474,-0.0073,1
2026-06-18 12:00:00+05:30,ASIANPAINT.NS,0.0413,-0.0619,-0.0837,-0.0837,1
2026-06-18 12:15:00+05:30,ASIANPAINT.NS,-0.1707,-0.0219,-0.0546,-0.0619,1
2026-06-18 12:30:00+05:30,ASIANPAINT.NS,-0.0142,-0.0328,0.0,-0.0255,1
2026-06-18 12:45:00+05:30,ASIANPAINT.NS,-0.0614,0.0328,-0.0073,-0.0765,1
2026-06-18 13:00:00+05:30,ASIANPAINT.NS,0.0285,-0.0401,-0.0255,-0.1384,2
2026-06-18 13:15:00+05:30,ASIANPAINT.NS,-0.0044,0.0146,-0.0692,-0.1859,2
2026-06-18 13:30:00+05:30,ASIANPAINT.NS,0.0196,-0.0838,-0.113,-0.2988,2
2026-06-18 13:45:00+05:30,ASIANPAINT.NS,-0.0236,-0.0292,-0.1167,0.0729,1
2026-06-18 14:00:00+05:30,ASIANPAINT.NS,0.0131,-0.0875,-0.186,0.5983,1
2026-06-18 14:15:00+05:30,ASIANPAINT.NS,-0.0505,-0.0986,0.1899,0.5915,2
2026-06-18 14:30:00+05:30,ASIANPAINT.NS,-0.1112,0.2887,0.7858,-0.0219,1
2026-06-18 14:45:00+05:30,ASIANPAINT.NS,0.2019,0.4956,0.4009,-0.3972,1
2026-06-18 15:00:00+05:30,ASIANPAINT.NS,0.2837,-0.0943,-0.8014,-0.7905,1
2026-06-18 15:15:00+05:30,ASIANPAINT.NS,-0.0828,-0.7078,-0.7949,-0.4828,2
2026-06-19 09:15:00+05:30,ASIANPAINT.NS,-0.1592,-0.0877,0.011,-0.0439,2
2026-06-19 09:30:00+05:30,ASIANPAINT.NS,-0.1834,0.0988,0.3147,0.1903,2
2026-06-19 09:45:00+05:30,ASIANPAINT.NS,0.0458,0.2157,-0.0548,0.1755,2
2026-06-19 10:00:00+05:30,ASIANPAINT.NS,0.1192,-0.2699,-0.124,-0.2808,1
2026-06-19 10:15:00+05:30,ASIANPAINT.NS,-0.0887,0.1463,0.2304,-0.0439,2
2026-06-19 10:30:00+05:30,ASIANPAINT.NS,0.1665,0.084,-0.157,-0.1497,1
2026-06-19 10:45:00+05:30,ASIANPAINT.NS,0.1859,-0.2408,-0.2737,-0.2956,1
2026-06-19 11:00:00+05:30,ASIANPAINT.NS,-0.3015,-0.0329,0.0073,-0.0622,2
2026-06-19 11:15:00+05:30,ASIANPAINT.NS,0.0149,0.0402,-0.022,-0.1756,1
2026-06-19 11:30:00+05:30,ASIANPAINT.NS,0.0237,-0.0622,-0.0695,-0.3328,1
2026-06-19 11:45:00+05:30,ASIANPAINT.NS,-0.0254,-0.0073,-0.1537,-0.1976,2
2026-06-19 12:00:00+05:30,ASIANPAINT.NS,-0.0101,-0.1464,-0.2635,-0.2635,1
2026-06-19 12:15:00+05:30,ASIANPAINT.NS,-0.1858,-0.1173,-0.044,-0.0843,2
2026-06-19 12:30:00+05:30,ASIANPAINT.NS,-0.0632,0.0734,0.0,0.1101,1
2026-06-19 12:45:00+05:30,ASIANPAINT.NS,0.0917,-0.0733,-0.0403,0.0623,2
2026-06-19 13:00:00+05:30,ASIANPAINT.NS,-0.0408,0.033,0.1101,-0.0587,1
2026-06-19 13:15:00+05:30,ASIANPAINT.NS,0.0055,0.077,0.1027,-0.1431,2
2026-06-19 13:30:00+05:30,ASIANPAINT.NS,-0.0015,0.0257,-0.1686,-0.0697,1
2026-06-19 13:45:00+05:30,ASIANPAINT.NS,-0.0581,-0.1942,-0.2455,-0.1832,2
2026-06-19 14:00:00+05:30,ASIANPAINT.NS,-0.2967,-0.0514,0.0991,0.2533,2
2026-06-19 14:15:00+05:30,ASIANPAINT.NS,0.0698,0.1506,0.0624,0.3967,1
2026-06-19 14:30:00+05:30,ASIANPAINT.NS,0.0583,-0.088,0.1541,0.1981,1
2026-06-19 14:45:00+05:30,ASIANPAINT.NS,0.1735,0.2423,0.3341,0.1285,2
2026-06-19 15:00:00+05:30,ASIANPAINT.NS,-0.2357,0.0916,0.044,-0.1868,2
2026-06-19 15:15:00+05:30,ASIANPAINT.NS,0.0271,-0.0476,-0.2049,-0.311,1
2026-06-22 09:15:00+05:30,ASIANPAINT.NS,-0.492,-0.1574,-0.2306,-0.3917,2
2026-06-22 09:30:00+05:30,ASIANPAINT.NS,-0.0712,-0.0733,-0.1063,-0.1613,2
2026-06-22 09:45:00+05:30,ASIANPAINT.NS,-0.1203,-0.033,-0.1615,-0.4697,2
2026-06-22 10:00:00+05:30,ASIANPAINT.NS,-0.0631,-0.1285,-0.0551,-0.6313,2
2026-06-22 10:15:00+05:30,ASIANPAINT.NS,-0.1273,0.0735,-0.3087,-0.3455,1
2026-06-22 10:30:00+05:30,ASIANPAINT.NS,0.0738,-0.3819,-0.5766,-0.4738,1
2026-06-22 10:45:00+05:30,ASIANPAINT.NS,-0.4238,-0.1954,-0.0369,-0.1991,2
2026-06-22 11:00:00+05:30,ASIANPAINT.NS,-0.1802,0.1588,0.1034,-0.2475,2
2026-06-22 11:15:00+05:30,ASIANPAINT.NS,0.1127,-0.0553,-0.1623,-0.3135,1
2026-06-22 11:30:00+05:30,ASIANPAINT.NS,0.0167,-0.107,-0.3506,-0.3506,2
2026-06-22 11:45:00+05:30,ASIANPAINT.NS,-0.0749,-0.2438,-0.1515,-0.3066,2
2026-06-22 12:00:00+05:30,ASIANPAINT.NS,-0.1295,0.0926,0.0,-0.2481,2
2026-06-22 12:15:00+05:30,ASIANPAINT.NS,0.0872,-0.0925,-0.1554,-0.5956,1
2026-06-22 12:30:00+05:30,ASIANPAINT.NS,-0.0961,-0.0629,-0.2481,-0.7554,2
2026-06-22 12:45:00+05:30,ASIANPAINT.NS,-0.087,-0.1853,-0.4409,-0.9412,2
2026-06-22 13:00:00+05:30,ASIANPAINT.NS,-0.1417,-0.2561,-0.5086,-0.7536,2
2026-06-22 13:15:00+05:30,ASIANPAINT.NS,-0.2806,-0.2531,-0.5024,-0.3424,2
2026-06-22 13:30:00+05:30,ASIANPAINT.NS,-0.2578,-0.25,-0.2463,0.0634,2
2026-06-22 13:45:00+05:30,ASIANPAINT.NS,-0.2763,0.0037,0.1608,0.0748,2
2026-06-22 14:00:00+05:30,ASIANPAINT.NS,-0.0015,0.1571,0.3105,0.0337,2
2026-06-22 14:15:00+05:30,ASIANPAINT.NS,0.0596,0.1531,-0.0859,-0.1755,1
2026-06-22 14:30:00+05:30,ASIANPAINT.NS,0.1699,-0.2387,-0.2759,-0.7458,1
2026-06-22 14:45:00+05:30,ASIANPAINT.NS,-0.2601,-0.0374,-0.0897,-0.314,2
2026-06-22 15:00:00+05:30,ASIANPAINT.NS,0.0971,-0.0523,-0.4711,0.2243,1
2026-06-22 15:15:00+05:30,ASIANPAINT.NS,0.0026,-0.419,-0.2245,0.303,2
2026-06-23 09:15:00+05:30,ASIANPAINT.NS,-0.0921,0.1954,0.6988,0.7777,1
2026-06-23 09:30:00+05:30,ASIANPAINT.NS,0.0822,0.5024,0.5287,0.7612,1
2026-06-23 09:45:00+05:30,ASIANPAINT.NS,0.4585,0.0261,0.0784,0.2462,1
2026-06-23 10:00:00+05:30,ASIANPAINT.NS,0.0634,0.0522,0.2312,0.3842,1
2026-06-23 10:15:00+05:30,ASIANPAINT.NS,0.0978,0.1789,0.1678,0.3169,1
2026-06-23 10:30:00+05:30,ASIANPAINT.NS,0.2086,-0.0112,0.1526,-0.0112,1
2026-06-23 10:45:00+05:30,ASIANPAINT.NS,0.0727,0.1637,0.1489,-0.3349,2
2026-06-23 11:00:00+05:30,ASIANPAINT.NS,0.0625,-0.0149,-0.1635,-0.6391,2
2026-06-23 11:15:00+05:30,ASIANPAINT.NS,0.0112,-0.1486,-0.4831,-0.8101,1
2026-06-23 11:30:00+05:30,ASIANPAINT.NS,-0.0083,-0.3349,-0.4764,-1.0421,2
2026-06-23 11:45:00+05:30,ASIANPAINT.NS,0.1019,-0.1419,-0.3286,-0.6759,2
2026-06-23 12:00:00+05:30,ASIANPAINT.NS,-0.0634,-0.187,-0.5684,-0.5048,2
2026-06-23 12:15:00+05:30,ASIANPAINT.NS,-0.1119,-0.3821,-0.3484,-0.3484,1
2026-06-23 12:30:00+05:30,ASIANPAINT.NS,-0.3883,0.0338,0.0639,-0.0113,2
2026-06-23 12:45:00+05:30,ASIANPAINT.NS,0.1157,0.0301,0.0,-0.109,1
2026-06-23 13:00:00+05:30,ASIANPAINT.NS,0.0637,-0.0301,-0.0752,-0.0639,1
2026-06-23 13:15:00+05:30,ASIANPAINT.NS,0.0385,-0.0451,-0.109,-0.0714,2
2026-06-23 13:30:00+05:30,ASIANPAINT.NS,0.0258,-0.0639,0.0113,0.0865,1
2026-06-23 13:45:00+05:30,ASIANPAINT.NS,0.0394,0.0753,0.0376,0.35,2
2026-06-23 14:00:00+05:30,ASIANPAINT.NS,-0.0802,-0.0376,0.0752,0.0338,2
2026-06-23 14:15:00+05:30,ASIANPAINT.NS,-0.0362,0.1129,0.3123,0.1204,1
2026-06-23 14:30:00+05:30,ASIANPAINT.NS,0.0999,0.1992,-0.0413,0.5186,2
2026-06-23 14:45:00+05:30,ASIANPAINT.NS,0.237,-0.24,-0.1913,0.3038,1
2026-06-23 15:00:00+05:30,ASIANPAINT.NS,0.0858,0.0489,0.5602,-0.0865,1
2026-06-23 15:15:00+05:30,ASIANPAINT.NS,0.1892,0.5111,0.496,0.2518,2
2026-06-24 09:15:00+05:30,ASIANPAINT.NS,0.125,-0.015,-0.643,-0.1495,1
2026-06-24 09:30:00+05:30,ASIANPAINT.NS,0.0326,-0.6282,-0.243,-0.3963,1
2026-06-24 09:45:00+05:30,ASIANPAINT.NS,-0.556,0.3876,0.4967,0.4365,2
2026-06-24 10:00:00+05:30,ASIANPAINT.NS,0.0835,0.1087,-0.1537,-0.1537,1
2026-06-24 10:15:00+05:30,ASIANPAINT.NS,-0.0167,-0.2621,-0.0599,-0.1872,1
2026-06-24 10:30:00+05:30,ASIANPAINT.NS,-0.2225,0.2027,0.0,0.1201,2
2026-06-24 10:45:00+05:30,ASIANPAINT.NS,0.1286,-0.2023,-0.1274,0.1873,1
2026-06-24 11:00:00+05:30,ASIANPAINT.NS,-0.3436,0.0751,0.1201,0.3792,2
2026-06-24 11:15:00+05:30,ASIANPAINT.NS,0.1214,0.045,0.3151,0.3976,1
2026-06-24 11:30:00+05:30,ASIANPAINT.NS,-0.0799,0.27,0.2587,-0.0113,1
2026-06-24 11:45:00+05:30,ASIANPAINT.NS,0.3097,-0.0112,0.0823,-0.2206,1
2026-06-24 12:00:00+05:30,ASIANPAINT.NS,0.0501,0.0935,-0.2693,-0.2094,1
2026-06-24 12:15:00+05:30,ASIANPAINT.NS,0.0376,-0.3624,-0.3026,-0.3139,1
2026-06-24 12:30:00+05:30,ASIANPAINT.NS,-0.3443,0.06,0.06,0.0975,2
2026-06-24 12:45:00+05:30,ASIANPAINT.NS,0.0058,0.0,-0.0112,-0.3448,1
2026-06-24 13:00:00+05:30,ASIANPAINT.NS,-0.1152,-0.0112,0.0375,-0.4722,2
2026-06-24 13:15:00+05:30,ASIANPAINT.NS,-0.1101,0.0487,-0.3336,-0.4498,1
2026-06-24 13:30:00+05:30,ASIANPAINT.NS,-0.0288,-0.3821,-0.5095,-0.1274,1
2026-06-24 13:45:00+05:30,ASIANPAINT.NS,-0.3043,-0.1279,-0.1166,0.3497,2
2026-06-24 14:00:00+05:30,ASIANPAINT.NS,-0.132,0.0113,0.3841,0.2787,2
2026-06-24 14:15:00+05:30,ASIANPAINT.NS,0.0192,0.3727,0.4669,0.433,1
2026-06-24 14:30:00+05:30,ASIANPAINT.NS,0.3685,0.0938,-0.105,-0.3901,1
2026-06-24 14:45:00+05:30,ASIANPAINT.NS,0.1021,-0.1986,-0.0337,-0.4235,1
2026-06-24 15:00:00+05:30,ASIANPAINT.NS,0.0271,0.1652,-0.2854,0.7472,1
2026-06-24 15:15:00+05:30,ASIANPAINT.NS,0.1467,-0.4499,-0.3899,0.3299,1
2026-06-25 09:15:00+05:30,ASIANPAINT.NS,-1.0097,0.0603,1.0356,0.7343,1
2026-06-25 09:30:00+05:30,ASIANPAINT.NS,0.0426,0.9747,0.7226,0.8242,1
2026-06-25 09:45:00+05:30,ASIANPAINT.NS,0.8101,-0.2497,-0.2982,-0.2646,1
2026-06-25 10:00:00+05:30,ASIANPAINT.NS,-0.2991,-0.0486,0.1009,0.3251,1
2026-06-25 10:15:00+05:30,ASIANPAINT.NS,0.0093,0.1495,0.0336,0.2505,1
2026-06-25 10:30:00+05:30,ASIANPAINT.NS,0.1186,-0.1157,0.224,0.3359,1
2026-06-25 10:45:00+05:30,ASIANPAINT.NS,-0.1757,0.3401,0.2168,0.4148,2
2026-06-25 11:00:00+05:30,ASIANPAINT.NS,0.3433,-0.1229,0.1117,-0.3352,1
2026-06-25 11:15:00+05:30,ASIANPAINT.NS,-0.0853,0.2349,0.1976,-0.4027,1
2026-06-25 11:30:00+05:30,ASIANPAINT.NS,0.2128,-0.0372,-0.4464,-0.8259,1
2026-06-25 11:45:00+05:30,ASIANPAINT.NS,-0.205,-0.4094,-0.5992,-0.6959,2
2026-06-25 12:00:00+05:30,ASIANPAINT.NS,-0.4387,-0.1906,-0.3812,-0.4671,2
2026-06-25 12:15:00+05:30,ASIANPAINT.NS,-0.0208,-0.1909,-0.0973,-0.3145,2
2026-06-25 12:30:00+05:30,ASIANPAINT.NS,-0.1548,0.0938,-0.0863,-0.0075,2
2026-06-25 12:45:00+05:30,ASIANPAINT.NS,0.077,-0.1799,-0.2174,-0.0112,1
2026-06-25 13:00:00+05:30,ASIANPAINT.NS,-0.0807,-0.0375,0.0788,-0.1314,2
2026-06-25 13:15:00+05:30,ASIANPAINT.NS,-0.0739,0.1164,0.2066,-0.1728,2
2026-06-25 13:30:00+05:30,ASIANPAINT.NS,0.0379,0.09,-0.2101,-0.6078,1
2026-06-25 13:45:00+05:30,ASIANPAINT.NS,0.1724,-0.2999,-0.3786,-0.6184,1
2026-06-25 14:00:00+05:30,ASIANPAINT.NS,-0.1354,-0.079,-0.3985,-0.6353,2
2026-06-25 14:15:00+05:30,ASIANPAINT.NS,0.0388,-0.3198,-0.2408,-0.4778,1
2026-05-18 09:15:00+05:30,COALINDIA.NS,0.5731,0.3794,0.3903,1.3118,1
2026-05-18 09:30:00+05:30,COALINDIA.NS,0.4429,0.0108,0.7236,0.7776,1
2026-05-18 09:45:00+05:30,COALINDIA.NS,0.2239,0.7127,0.9179,0.9611,1
2026-05-18 10:00:00+05:30,COALINDIA.NS,0.6311,0.2037,0.0536,0.0643,1
2026-05-18 10:15:00+05:30,COALINDIA.NS,0.1609,-0.1498,0.0428,-0.4815,1
2026-05-18 10:30:00+05:30,COALINDIA.NS,-0.3207,0.1929,0.0107,-0.4072,2
2026-05-18 10:45:00+05:30,COALINDIA.NS,0.0017,-0.1818,-0.5241,-0.5776,2
2026-05-18 11:00:00+05:30,COALINDIA.NS,-0.204,-0.3429,-0.4179,-0.4394,2
2026-05-18 11:15:00+05:30,COALINDIA.NS,-0.4306,-0.0753,-0.0538,0.0968,2
2026-05-18 11:30:00+05:30,COALINDIA.NS,-0.2319,0.0215,-0.0215,0.1399,2
2026-05-18 11:45:00+05:30,COALINDIA.NS,0.2518,-0.043,0.1506,-0.355,2
2026-05-18 12:00:00+05:30,COALINDIA.NS,-0.2297,0.1937,0.1614,-0.1722,2
2026-05-18 12:15:00+05:30,COALINDIA.NS,0.0822,-0.0322,-0.5049,-0.6016,2
2026-05-18 12:30:00+05:30,COALINDIA.NS,-0.1327,-0.4728,-0.3331,-0.9564,2
2026-05-18 12:45:00+05:30,COALINDIA.NS,-0.7356,0.1404,-0.0972,-0.3239,2
2026-05-18 13:00:00+05:30,COALINDIA.NS,0.1762,-0.2372,-0.6253,-0.4636,1
2026-05-18 13:15:00+05:30,COALINDIA.NS,-0.2303,-0.3891,-0.227,-0.4539,2
2026-05-18 13:30:00+05:30,COALINDIA.NS,-0.4493,0.1627,0.1627,0.0325,2
2026-05-18 13:45:00+05:30,COALINDIA.NS,0.0504,0.0,-0.2275,-0.4441,1
2026-05-18 14:00:00+05:30,COALINDIA.NS,0.0152,-0.2275,-0.13,0.1625,1
2026-05-18 14:15:00+05:30,COALINDIA.NS,-0.2361,0.0977,-0.2171,0.228,2
2026-05-18 14:30:00+05:30,COALINDIA.NS,0.1098,-0.3145,0.2928,-0.4989,2
2026-05-18 14:45:00+05:30,COALINDIA.NS,-0.3076,0.6093,0.4461,-0.3046,2
2026-05-18 15:00:00+05:30,COALINDIA.NS,0.3479,-0.1622,-0.7894,-0.9084,1
2026-05-18 15:15:00+05:30,COALINDIA.NS,-0.2162,-0.6282,-0.7474,-0.8557,2
2026-05-19 09:15:00+05:30,COALINDIA.NS,-1.2211,-0.1199,-0.1199,-0.1526,2
2026-05-19 09:30:00+05:30,COALINDIA.NS,-0.1545,0.0,-0.1091,0.0437,1
2026-05-19 09:45:00+05:30,COALINDIA.NS,0.2251,-0.1091,-0.0327,0.0218,1
2026-05-19 10:00:00+05:30,COALINDIA.NS,-0.4523,0.0765,0.153,-0.4807,2
2026-05-19 10:15:00+05:30,COALINDIA.NS,0.0975,0.0764,0.0546,-0.6004,2
2026-05-19 10:30:00+05:30,COALINDIA.NS,0.0093,-0.0218,-0.6327,-0.4473,2
2026-05-19 10:45:00+05:30,COALINDIA.NS,-0.0509,-0.611,-0.6547,-0.4801,2
2026-05-19 11:00:00+05:30,COALINDIA.NS,-0.23,-0.0439,0.1866,-0.022,2
2026-05-19 11:15:00+05:30,COALINDIA.NS,-0.0848,0.2306,0.1757,0.3844,1
2026-05-19 11:30:00+05:30,COALINDIA.NS,0.139,-0.0548,-0.2082,0.0438,2
2026-05-19 11:45:00+05:30,COALINDIA.NS,-0.0754,-0.1535,0.2083,0.0877,2
2026-05-19 12:00:00+05:30,COALINDIA.NS,-0.1044,0.3624,0.2526,0.3184,2
2026-05-19 12:15:00+05:30,COALINDIA.NS,0.2893,-0.1094,-0.1203,0.0328,1
2026-05-19 12:30:00+05:30,COALINDIA.NS,-0.0711,-0.011,0.0657,-0.0548,2
2026-05-19 12:45:00+05:30,COALINDIA.NS,0.0167,0.0767,0.1534,-0.0219,1
2026-05-19 13:00:00+05:30,COALINDIA.NS,0.0839,0.0766,-0.1204,0.0219,1
2026-05-19 13:15:00+05:30,COALINDIA.NS,-0.0248,-0.1969,-0.175,-0.0547,1
2026-05-19 13:30:00+05:30,COALINDIA.NS,-0.1105,0.0219,0.1425,0.1973,2
2026-05-19 13:45:00+05:30,COALINDIA.NS,0.0312,0.1205,0.1205,0.0219,1
2026-05-19 14:00:00+05:30,COALINDIA.NS,0.0006,0.0,0.0547,0.0109,1
2026-05-19 14:15:00+05:30,COALINDIA.NS,0.0601,0.0547,-0.0985,0.0109,1
2026-05-19 14:30:00+05:30,COALINDIA.NS,0.2347,-0.1531,-0.0437,-0.4375,1
2026-05-19 14:45:00+05:30,COALINDIA.NS,-0.147,0.1095,0.1095,-0.2081,2
2026-05-19 15:00:00+05:30,COALINDIA.NS,0.1512,0.0,-0.3939,-0.2845,1
2026-05-19 15:15:00+05:30,COALINDIA.NS,0.0773,-0.3939,-0.3173,-0.6784,1
2026-05-20 09:15:00+05:30,COALINDIA.NS,0.0234,0.0769,0.1099,0.0989,2
2026-05-20 09:30:00+05:30,COALINDIA.NS,-0.0916,0.0329,-0.3622,0.5379,2
2026-05-20 09:45:00+05:30,COALINDIA.NS,-0.0244,-0.395,-0.011,0.1646,2
2026-05-20 10:00:00+05:30,COALINDIA.NS,-0.2293,0.3856,0.9034,0.7491,1
2026-05-20 10:15:00+05:30,COALINDIA.NS,0.2701,0.5158,0.1756,0.3841,1
2026-05-20 10:30:00+05:30,COALINDIA.NS,0.406,-0.3385,-0.1529,0.0655,1
2026-05-20 10:45:00+05:30,COALINDIA.NS,-0.3852,0.1862,0.2082,0.252,2
2026-05-20 11:00:00+05:30,COALINDIA.NS,0.0963,0.0219,0.2187,-0.0328,1
2026-05-20 11:15:00+05:30,COALINDIA.NS,-0.1566,0.1968,0.0437,0.1203,2
2026-05-20 11:30:00+05:30,COALINDIA.NS,0.175,-0.1528,-0.251,-0.0109,1
2026-05-20 11:45:00+05:30,COALINDIA.NS,-0.1466,-0.0983,0.0765,0.3278,2
2026-05-20 12:00:00+05:30,COALINDIA.NS,-0.0225,0.175,0.2406,0.361,2
2026-05-20 12:15:00+05:30,COALINDIA.NS,0.1617,0.0655,0.2511,0.0874,1
2026-05-20 12:30:00+05:30,COALINDIA.NS,0.009,0.1855,0.12,0.12,2
2026-05-20 12:45:00+05:30,COALINDIA.NS,0.111,-0.0653,-0.1634,0.0545,1
2026-05-20 13:00:00+05:30,COALINDIA.NS,-0.0047,-0.0981,0.0,0.1744,1
2026-05-20 13:15:00+05:30,COALINDIA.NS,0.0485,0.0982,0.2182,0.1527,1
2026-05-20 13:30:00+05:30,COALINDIA.NS,-0.0097,0.1199,0.1744,0.0545,2
2026-05-20 13:45:00+05:30,COALINDIA.NS,-0.0117,0.0544,-0.0653,-0.1851,1
2026-05-20 14:00:00+05:30,COALINDIA.NS,-0.0785,-0.1197,-0.1197,-0.1306,1
2026-05-20 14:15:00+05:30,COALINDIA.NS,-0.1787,0.0,-0.1198,-0.0545,2
2026-05-20 14:30:00+05:30,COALINDIA.NS,-0.0478,-0.1198,-0.0109,0.6972,1
2026-05-20 14:45:00+05:30,COALINDIA.NS,-0.1182,0.1091,0.0654,1.0688,1
2026-05-20 15:00:00+05:30,COALINDIA.NS,0.1572,-0.0436,0.7081,1.0023,1
2026-05-20 15:15:00+05:30,COALINDIA.NS,-0.0286,0.752,1.0027,1.0463,2
2026-05-21 09:15:00+05:30,COALINDIA.NS,0.8599,0.2488,0.2921,0.119,1
2026-05-21 09:30:00+05:30,COALINDIA.NS,0.0386,0.0432,0.0432,-0.0863,1
2026-05-21 09:45:00+05:30,COALINDIA.NS,0.1024,0.0,-0.1726,-0.1618,1
2026-05-21 10:00:00+05:30,COALINDIA.NS,-0.0072,-0.1726,-0.1294,-0.3883,1
2026-05-21 10:15:00+05:30,COALINDIA.NS,-0.4298,0.0432,0.0108,-0.2593,2
2026-05-21 10:30:00+05:30,COALINDIA.NS,0.0683,-0.0324,-0.2592,-0.216,2
2026-05-21 10:45:00+05:30,COALINDIA.NS,0.1077,-0.2269,-0.2701,-0.2161,1
2026-05-21 11:00:00+05:30,COALINDIA.NS,-0.1164,-0.0433,0.0433,0.1949,2
2026-05-21 11:15:00+05:30,COALINDIA.NS,-0.2695,0.0867,0.0542,-0.0433,2
2026-05-21 11:30:00+05:30,COALINDIA.NS,0.0835,-0.0325,0.1515,-0.3247,1
2026-05-21 11:45:00+05:30,COALINDIA.NS,0.042,0.1841,-0.0974,-0.1841,2
2026-05-21 12:00:00+05:30,COALINDIA.NS,0.2347,-0.281,-0.4755,-0.4107,1
2026-05-21 12:15:00+05:30,COALINDIA.NS,-0.0953,-0.1951,-0.0867,-0.0542,2
2026-05-21 12:30:00+05:30,COALINDIA.NS,-0.0395,0.1086,0.0652,0.3583,2
2026-05-21 12:45:00+05:30,COALINDIA.NS,0.1643,-0.0434,0.0325,0.4447,1
2026-05-21 13:00:00+05:30,COALINDIA.NS,-0.1018,0.076,0.293,0.4449,2
2026-05-21 13:15:00+05:30,COALINDIA.NS,0.114,0.2169,0.4121,0.2277,1
2026-05-21 13:30:00+05:30,COALINDIA.NS,-0.0043,0.1948,0.1515,0.0,1
2026-05-21 13:45:00+05:30,COALINDIA.NS,0.2179,-0.0432,-0.1836,-0.0864,1
2026-05-21 14:00:00+05:30,COALINDIA.NS,0.0487,-0.1404,-0.1512,-0.4213,1
2026-05-21 14:15:00+05:30,COALINDIA.NS,-0.1419,-0.0108,0.0974,-0.4219,2
2026-05-21 14:30:00+05:30,COALINDIA.NS,-0.0389,0.1082,-0.2705,-0.6925,1
2026-05-21 14:45:00+05:30,COALINDIA.NS,0.0767,-0.3783,-0.5188,-0.8755,1
2026-05-21 15:00:00+05:30,COALINDIA.NS,-0.2617,-0.141,-0.4231,-0.4014,2
2026-05-21 15:15:00+05:30,COALINDIA.NS,-0.1821,-0.2825,-0.3585,-0.1412,2
2026-05-22 09:15:00+05:30,COALINDIA.NS,-0.5989,-0.0763,0.0218,0.109,2
2026-05-22 09:30:00+05:30,COALINDIA.NS,-0.0823,0.0981,0.2181,0.0,2
2026-05-22 09:45:00+05:30,COALINDIA.NS,-0.0455,0.1198,0.0871,-0.3159,2
2026-05-22 10:00:00+05:30,COALINDIA.NS,0.1084,-0.0326,-0.2176,-0.4461,1
2026-05-22 10:15:00+05:30,COALINDIA.NS,0.0943,-0.185,-0.4027,-0.5333,1
2026-05-22 10:30:00+05:30,COALINDIA.NS,-0.3061,-0.2181,-0.229,-0.1963,2
2026-05-22 10:45:00+05:30,COALINDIA.NS,-0.2536,-0.0109,-0.1311,0.2076,2
2026-05-22 11:00:00+05:30,COALINDIA.NS,0.0841,-0.1202,0.0328,0.0765,2
2026-05-22 11:15:00+05:30,COALINDIA.NS,-0.0632,0.1532,0.3392,-0.1094,2
2026-05-22 11:30:00+05:30,COALINDIA.NS,-0.0794,0.1857,0.0437,-0.0437,1
2026-05-22 11:45:00+05:30,COALINDIA.NS,0.2415,-0.1418,-0.4471,-0.2835,1
2026-05-22 12:00:00+05:30,COALINDIA.NS,-0.1588,-0.3058,-0.0874,-0.1857,2
2026-05-22 12:15:00+05:30,COALINDIA.NS,-0.1955,0.2191,0.1643,0.0767,1
2026-05-22 12:30:00+05:30,COALINDIA.NS,0.1554,-0.0547,-0.0984,0.0,2
2026-05-22 12:45:00+05:30,COALINDIA.NS,-0.1778,-0.0437,-0.0875,0.0984,2
2026-05-22 13:00:00+05:30,COALINDIA.NS,-0.0163,-0.0438,0.0985,0.2954,2
2026-05-22 13:15:00+05:30,COALINDIA.NS,-0.0022,0.1423,0.1861,0.1095,1
2026-05-22 13:30:00+05:30,COALINDIA.NS,0.1972,0.0437,0.1967,-0.1421,1
2026-05-22 13:45:00+05:30,COALINDIA.NS,0.0599,0.153,-0.0765,-0.2076,2
2026-05-22 14:00:00+05:30,COALINDIA.NS,0.2118,-0.2291,-0.3382,-0.3382,1
2026-05-22 14:15:00+05:30,COALINDIA.NS,-0.0544,-0.1093,-0.1312,-0.164,2
2026-05-22 14:30:00+05:30,COALINDIA.NS,0.0731,-0.0219,0.0,0.4378,2
2026-05-22 14:45:00+05:30,COALINDIA.NS,-0.107,0.0219,-0.0328,0.7007,1
2026-05-22 15:00:00+05:30,COALINDIA.NS,0.0383,-0.0547,0.4378,1.0617,1
2026-05-22 15:15:00+05:30,COALINDIA.NS,-0.1861,0.4928,0.7338,1.0295,1
2026-05-25 09:15:00+05:30,COALINDIA.NS,-0.1248,0.2398,0.6212,0.5776,1
2026-05-25 09:30:00+05:30,COALINDIA.NS,0.2852,0.3805,0.2935,0.2283,1
2026-05-25 09:45:00+05:30,COALINDIA.NS,0.4402,-0.0866,-0.0433,-0.2924,1
2026-05-25 10:00:00+05:30,COALINDIA.NS,-0.153,0.0434,-0.065,-0.3252,2
2026-05-25 10:15:00+05:30,COALINDIA.NS,-0.0305,-0.1084,-0.2492,-0.2384,2
2026-05-25 10:30:00+05:30,COALINDIA.NS,-0.2406,-0.141,-0.2603,-0.0868,2
2026-05-25 10:45:00+05:30,COALINDIA.NS,-0.0958,-0.1195,0.0109,0.1086,2
2026-05-25 11:00:00+05:30,COALINDIA.NS,-0.1639,0.1305,0.174,0.0761,1
2026-05-25 11:15:00+05:30,COALINDIA.NS,0.1908,0.0434,0.0977,-0.2715,1
2026-05-25 11:30:00+05:30,COALINDIA.NS,0.0222,0.0543,-0.0977,-0.3908,1
2026-05-25 11:45:00+05:30,COALINDIA.NS,0.0466,-0.1519,-0.3689,-0.3689,2
2026-05-25 12:00:00+05:30,COALINDIA.NS,-0.0508,-0.2173,-0.2934,-0.4673,2
2026-05-25 12:15:00+05:30,COALINDIA.NS,-0.1787,-0.0762,0.0,-0.2505,2
2026-05-25 12:30:00+05:30,COALINDIA.NS,-0.0792,0.0763,-0.1744,-0.3597,2
2026-05-25 12:45:00+05:30,COALINDIA.NS,0.0781,-0.2505,-0.2505,-0.4574,1
2026-05-25 13:00:00+05:30,COALINDIA.NS,-0.3409,0.0,-0.1856,-0.3057,2
2026-05-25 13:15:00+05:30,COALINDIA.NS,-0.0209,-0.1856,-0.2074,-0.2074,2
2026-05-25 13:30:00+05:30,COALINDIA.NS,-0.0805,-0.0219,-0.1203,0.2078,1
2026-05-25 13:45:00+05:30,COALINDIA.NS,-0.0206,-0.0985,0.0,0.2188,1
2026-05-25 14:00:00+05:30,COALINDIA.NS,-0.0525,0.0986,0.3286,0.3505,2
2026-05-25 14:15:00+05:30,COALINDIA.NS,0.0007,0.2298,0.2188,0.2188,1
2026-05-25 14:30:00+05:30,COALINDIA.NS,0.0768,-0.0109,0.0218,1.0916,1
2026-05-25 14:45:00+05:30,COALINDIA.NS,-0.1278,0.0327,0.0,1.2118,2
2026-05-25 15:00:00+05:30,COALINDIA.NS,0.0676,-0.0327,1.0695,1.6261,1
2026-05-25 15:15:00+05:30,COALINDIA.NS,-0.0475,1.1026,1.2118,1.7467,1
2026-05-26 09:15:00+05:30,COALINDIA.NS,0.5515,0.108,0.5507,1.069,1
2026-05-26 09:30:00+05:30,COALINDIA.NS,-0.0081,0.4422,0.5285,1.3051,1
2026-05-26 09:45:00+05:30,COALINDIA.NS,0.5388,0.0859,0.5155,1.6108,1
2026-05-26 10:00:00+05:30,COALINDIA.NS,-0.0525,0.4292,0.7725,1.706,2
2026-05-26 10:15:00+05:30,COALINDIA.NS,0.3945,0.3419,1.0897,1.3034,1
2026-05-26 10:30:00+05:30,COALINDIA.NS,0.3181,0.7453,0.9263,0.8305,1
2026-05-26 10:45:00+05:30,COALINDIA.NS,0.7326,0.1797,0.2114,-0.4439,1
2026-05-26 11:00:00+05:30,COALINDIA.NS,0.1537,0.0316,-0.0949,-0.8545,1
2026-05-26 11:15:00+05:30,COALINDIA.NS,0.0894,-0.1266,-0.6539,-1.0863,1
2026-05-26 11:30:00+05:30,COALINDIA.NS,-0.2128,-0.528,-0.7603,-1.1088,2
2026-05-26 11:45:00+05:30,COALINDIA.NS,-0.4769,-0.2335,-0.4352,-0.7749,2
2026-05-26 12:00:00+05:30,COALINDIA.NS,-0.1583,-0.2022,-0.3511,-0.7768,2
2026-05-26 12:15:00+05:30,COALINDIA.NS,-0.1686,-0.1493,-0.3412,-0.5224,2
2026-05-26 12:30:00+05:30,COALINDIA.NS,-0.1219,-0.1922,-0.4271,-0.8649,2
2026-05-26 12:45:00+05:30,COALINDIA.NS,-0.1019,-0.2354,-0.1819,-0.567,2
2026-05-26 13:00:00+05:30,COALINDIA.NS,-0.1555,0.0536,-0.4397,-0.8686,2
2026-05-26 13:15:00+05:30,COALINDIA.NS,0.0011,-0.493,-0.3858,-1.4791,2
2026-05-26 13:30:00+05:30,COALINDIA.NS,-0.4363,0.1077,-0.4308,-1.6372,2
2026-05-26 13:45:00+05:30,COALINDIA.NS,0.1912,-0.538,-1.0975,-1.3019,1
2026-05-26 14:00:00+05:30,COALINDIA.NS,-0.5044,-0.5625,-1.2116,-0.6491,2
2026-05-26 14:15:00+05:30,COALINDIA.NS,-0.5556,-0.6527,-0.2067,-0.8486,2
2026-05-26 14:30:00+05:30,COALINDIA.NS,-0.6139,0.449,0.5694,-3.9312,2
2026-05-26 14:45:00+05:30,COALINDIA.NS,0.3424,0.1199,-0.6432,-3.9573,1
2026-05-26 15:00:00+05:30,COALINDIA.NS,0.1614,-0.7622,-4.4752,-3.6912,2
2026-05-26 15:15:00+05:30,COALINDIA.NS,-0.9359,-3.7415,-3.3355,-2.4578,2
2026-05-27 09:15:00+05:30,COALINDIA.NS,2.2728,0.4217,0.8207,1.801,1
2026-05-27 09:30:00+05:30,COALINDIA.NS,0.4608,0.3973,0.9081,1.5664,1
2026-05-27 09:45:00+05:30,COALINDIA.NS,0.5538,0.5088,0.9723,1.0741,1
2026-05-27 10:00:00+05:30,COALINDIA.NS,0.2218,0.4612,0.6524,1.0911,1
2026-05-27 10:15:00+05:30,COALINDIA.NS,0.376,0.1903,0.1008,1.2876,1
2026-05-27 10:30:00+05:30,COALINDIA.NS,0.2937,-0.0894,0.4359,0.7376,1
2026-05-27 10:45:00+05:30,COALINDIA.NS,-0.2623,0.5257,1.1857,0.302,2
2026-05-27 11:00:00+05:30,COALINDIA.NS,0.5354,0.6565,0.3004,-0.5007,1
2026-05-27 11:15:00+05:30,COALINDIA.NS,0.5946,-0.3537,-0.8733,-1.4924,1
2026-05-27 11:30:00+05:30,COALINDIA.NS,-0.2689,-0.5214,-0.7988,-1.1981,2
2026-05-27 11:45:00+05:30,COALINDIA.NS,-0.4402,-0.2788,-0.6245,-0.7918,2
2026-05-27 12:00:00+05:30,COALINDIA.NS,-0.2303,-0.3467,-0.4026,-0.5032,2
2026-05-27 12:15:00+05:30,COALINDIA.NS,-0.3239,-0.0561,-0.1683,0.4601,2
2026-05-27 12:30:00+05:30,COALINDIA.NS,-0.2152,-0.1123,-0.1011,0.0674,2
2026-05-27 12:45:00+05:30,COALINDIA.NS,0.0054,0.0112,0.6295,0.9105,2
2026-05-27 13:00:00+05:30,COALINDIA.NS,0.0424,0.6182,0.1686,1.2701,1
2026-05-27 13:15:00+05:30,COALINDIA.NS,0.6159,-0.4468,0.2793,1.0836,1
2026-05-27 13:30:00+05:30,COALINDIA.NS,-0.4336,0.7294,1.0996,3.0745,2
2026-05-27 13:45:00+05:30,COALINDIA.NS,0.6856,0.3676,0.8021,1.9271,1
2026-05-27 14:00:00+05:30,COALINDIA.NS,0.4917,0.4329,1.9534,2.7969,1
2026-05-27 14:15:00+05:30,COALINDIA.NS,0.4451,1.514,1.1161,2.3428,1
2026-05-27 14:30:00+05:30,COALINDIA.NS,1.5888,-0.3919,0.8273,1.8289,1
2026-05-27 14:45:00+05:30,COALINDIA.NS,-0.4154,1.224,1.2131,1.9235,2
2026-05-27 15:00:00+05:30,COALINDIA.NS,1.1545,-0.0108,0.9933,0.0972,1
2026-05-27 15:15:00+05:30,COALINDIA.NS,-0.1068,1.0042,0.7019,0.853,2
2026-05-29 09:15:00+05:30,COALINDIA.NS,1.9484,-0.2993,-0.8873,0.6628,1
2026-05-29 09:30:00+05:30,COALINDIA.NS,-0.1985,-0.5897,0.1501,0.2681,2
2026-05-29 09:45:00+05:30,COALINDIA.NS,-0.733,0.7443,1.564,0.3452,2
2026-05-29 10:00:00+05:30,COALINDIA.NS,0.5517,0.8137,0.1178,-0.8137,1
2026-05-29 10:15:00+05:30,COALINDIA.NS,0.9576,-0.6903,-1.2001,-1.3912,1
2026-05-29 10:30:00+05:30,COALINDIA.NS,-0.6778,-0.5133,-0.9304,-0.7165,2
2026-05-29 10:45:00+05:30,COALINDIA.NS,-0.5438,-0.4192,-0.1935,0.1612,2
2026-05-29 11:00:00+05:30,COALINDIA.NS,-0.4057,0.2267,0.2159,0.2591,2
2026-05-29 11:15:00+05:30,COALINDIA.NS,0.2528,-0.0108,0.3554,0.0108,1
2026-05-29 11:30:00+05:30,COALINDIA.NS,-0.0185,0.3662,0.0431,-0.0646,1
2026-05-29 11:45:00+05:30,COALINDIA.NS,0.3551,-0.322,-0.3434,-0.4937,1
2026-05-29 12:00:00+05:30,COALINDIA.NS,-0.0934,-0.0215,-0.1077,-0.5168,2
2026-05-29 12:15:00+05:30,COALINDIA.NS,-0.0941,-0.0861,-0.1508,-0.56,2
2026-05-29 12:30:00+05:30,COALINDIA.NS,-0.092,-0.0647,-0.4096,-0.4742,2
2026-05-29 12:45:00+05:30,COALINDIA.NS,-0.0454,-0.3451,-0.4098,-0.4745,1
2026-05-29 13:00:00+05:30,COALINDIA.NS,-0.0499,-0.0649,-0.0649,0.0216,2
2026-05-29 13:15:00+05:30,COALINDIA.NS,-0.1008,0.0,-0.065,-0.1733,2
2026-05-29 13:30:00+05:30,COALINDIA.NS,-0.0135,-0.065,0.0866,-0.1949,2
2026-05-29 13:45:00+05:30,COALINDIA.NS,0.0002,0.1517,-0.1084,-0.3359,2
2026-05-29 14:00:00+05:30,COALINDIA.NS,0.209,-0.2597,-0.2813,-1.1037,2
2026-05-29 14:15:00+05:30,COALINDIA.NS,-0.3607,-0.0217,-0.2278,-0.5641,2
2026-05-29 14:30:00+05:30,COALINDIA.NS,-0.1117,-0.2062,-0.8247,-0.4123,1
2026-05-29 14:45:00+05:30,COALINDIA.NS,-0.1498,-0.6198,-0.3371,1.6962,2
2026-05-29 15:00:00+05:30,COALINDIA.NS,0.4091,0.2845,0.4158,1.9694,1
2026-05-29 15:15:00+05:30,COALINDIA.NS,-0.0645,0.1309,2.0401,1.571,1
2026-06-01 09:15:00+05:30,COALINDIA.NS,0.7498,1.9067,1.5472,2.3861,2
2026-06-01 09:30:00+05:30,COALINDIA.NS,2.0404,-0.3528,-0.4597,0.3528,1
2026-06-01 09:45:00+05:30,COALINDIA.NS,-0.2421,-0.1073,0.8262,1.1266,2
2026-06-01 10:00:00+05:30,COALINDIA.NS,-0.0738,0.9345,0.8163,1.4178,1
2026-06-01 10:15:00+05:30,COALINDIA.NS,0.989,-0.1171,0.298,0.9684,1
2026-06-01 10:30:00+05:30,COALINDIA.NS,-0.0911,0.4155,0.5966,1.0761,2
2026-06-01 10:45:00+05:30,COALINDIA.NS,0.2708,0.1804,0.6684,0.2546,1
2026-06-01 11:00:00+05:30,COALINDIA.NS,0.0372,0.4872,0.4766,0.1695,1
2026-06-01 11:15:00+05:30,COALINDIA.NS,0.6725,-0.0105,-0.411,-0.1686,1
2026-06-01 11:30:00+05:30,COALINDIA.NS,0.0576,-0.4005,-0.3057,-0.6114,1
2026-06-01 11:45:00+05:30,COALINDIA.NS,-0.1628,0.0952,0.2434,-0.1693,2
2026-06-01 12:00:00+05:30,COALINDIA.NS,-0.0576,0.148,-0.3066,-0.4018,2
2026-06-01 12:15:00+05:30,COALINDIA.NS,0.2007,-0.454,-0.4117,-0.2217,1
2026-06-01 12:30:00+05:30,COALINDIA.NS,-0.4516,0.0424,-0.0955,-0.2015,2
2026-06-01 12:45:00+05:30,COALINDIA.NS,-0.0144,-0.1378,0.1908,-0.2968,2
2026-06-01 13:00:00+05:30,COALINDIA.NS,0.085,0.3291,-0.1062,-0.3609,1
2026-06-01 13:15:00+05:30,COALINDIA.NS,0.2287,-0.4338,-0.4867,-0.4338,1
2026-06-01 13:30:00+05:30,COALINDIA.NS,-0.426,-0.0531,-0.2551,0.5845,2
2026-06-01 13:45:00+05:30,COALINDIA.NS,0.0344,-0.202,0.0532,0.4466,1
2026-06-01 14:00:00+05:30,COALINDIA.NS,-0.0669,0.2557,0.8417,0.7671,2
2026-06-01 14:15:00+05:30,COALINDIA.NS,0.3499,0.5845,0.3932,0.627,1
2026-06-01 14:30:00+05:30,COALINDIA.NS,0.4789,-0.1902,-0.074,-1.6165,1
2026-06-01 14:45:00+05:30,COALINDIA.NS,-0.0251,0.1164,0.2329,-1.7678,2
2026-06-01 15:00:00+05:30,COALINDIA.NS,0.0404,0.1163,-1.5437,-1.3534,1
2026-06-01 15:15:00+05:30,COALINDIA.NS,0.1599,-1.658,-1.996,-0.9294,2
2026-06-02 09:15:00+05:30,COALINDIA.NS,-1.1847,-0.3436,0.1933,1.5679,2
2026-06-02 09:30:00+05:30,COALINDIA.NS,-0.482,0.5388,1.0884,1.972,2
2026-06-02 09:45:00+05:30,COALINDIA.NS,0.351,0.5466,1.3719,1.329,1
2026-06-02 10:00:00+05:30,COALINDIA.NS,0.7604,0.8208,0.8741,0.2558,1
2026-06-02 10:15:00+05:30,COALINDIA.NS,0.442,0.0529,-0.0423,-0.3912,1
2026-06-02 10:30:00+05:30,COALINDIA.NS,0.1534,-0.0951,-0.6129,-0.7609,1
2026-06-02 10:45:00+05:30,COALINDIA.NS,0.1381,-0.5183,-0.3491,-0.7933,1
2026-06-02 11:00:00+05:30,COALINDIA.NS,-0.5576,0.1701,-0.1489,-0.2339,2
2026-06-02 11:15:00+05:30,COALINDIA.NS,-0.004,-0.3184,-0.4458,-0.3078,2
2026-06-02 11:30:00+05:30,COALINDIA.NS,-0.1472,-0.1278,-0.0852,0.032,2
2026-06-02 11:45:00+05:30,COALINDIA.NS,-0.0855,0.0426,0.1386,-0.064,1
2026-06-02 12:00:00+05:30,COALINDIA.NS,0.0611,0.0959,0.1172,0.4796,1
2026-06-02 12:15:00+05:30,COALINDIA.NS,0.115,0.0213,-0.2023,0.1171,1
2026-06-02 12:30:00+05:30,COALINDIA.NS,-0.3733,-0.2236,0.3619,0.7877,2
2026-06-02 12:45:00+05:30,COALINDIA.NS,-0.5943,0.5868,0.3201,0.7255,2
2026-06-02 13:00:00+05:30,COALINDIA.NS,0.4935,-0.2652,0.4243,0.3394,1
2026-06-02 13:15:00+05:30,COALINDIA.NS,-0.3557,0.6913,0.4041,0.319,2
2026-06-02 13:30:00+05:30,COALINDIA.NS,0.6809,-0.2852,-0.0845,-0.264,1
2026-06-02 13:45:00+05:30,COALINDIA.NS,-0.3355,0.2013,-0.0847,-0.1165,2
2026-06-02 14:00:00+05:30,COALINDIA.NS,0.0977,-0.2854,-0.1797,-0.3911,1
2026-06-02 14:15:00+05:30,COALINDIA.NS,-0.1879,0.106,-0.0318,0.0742,2
2026-06-02 14:30:00+05:30,COALINDIA.NS,0.3877,-0.1377,-0.2118,1.1755,1
2026-06-02 14:45:00+05:30,COALINDIA.NS,-0.1007,-0.0742,0.106,0.6151,2
2026-06-02 15:00:00+05:30,COALINDIA.NS,-0.3656,0.1804,1.3902,0.0425,2
2026-06-02 15:15:00+05:30,COALINDIA.NS,0.0489,1.2076,0.5085,-0.5297,1
2026-06-03 09:15:00+05:30,COALINDIA.NS,1.7018,-0.6908,-1.3293,-1.7061,1
2026-06-03 09:30:00+05:30,COALINDIA.NS,-0.5542,-0.6429,-1.0329,-0.8116,2
2026-06-03 09:45:00+05:30,COALINDIA.NS,-0.5515,-0.3925,-0.3819,-0.3501,2
2026-06-03 10:00:00+05:30,COALINDIA.NS,-0.3698,0.0106,0.2236,-0.4579,2
2026-06-03 10:15:00+05:30,COALINDIA.NS,-0.0145,0.213,0.032,-0.4792,1
2026-06-03 10:30:00+05:30,COALINDIA.NS,0.2877,-0.1806,-0.6801,-0.4144,1
2026-06-03 10:45:00+05:30,COALINDIA.NS,-0.1742,-0.5003,-0.511,-0.3194,2
2026-06-03 11:00:00+05:30,COALINDIA.NS,-0.427,-0.0107,0.2675,0.2889,2
2026-06-03 11:15:00+05:30,COALINDIA.NS,-0.0635,0.2782,0.1926,0.4387,2
2026-06-03 11:30:00+05:30,COALINDIA.NS,0.3008,-0.0854,0.0213,0.4588,1
2026-06-03 11:45:00+05:30,COALINDIA.NS,0.0129,0.1068,0.2456,0.6835,1
2026-06-03 12:00:00+05:30,COALINDIA.NS,0.1502,0.1387,0.4374,0.6827,1
2026-06-03 12:15:00+05:30,COALINDIA.NS,-0.1165,0.2983,0.4368,0.6072,2
2026-06-03 12:30:00+05:30,COALINDIA.NS,-0.1067,0.1381,0.2443,0.1168,1
2026-06-03 12:45:00+05:30,COALINDIA.NS,0.2219,0.1061,0.1697,0.2227,1
2026-06-03 13:00:00+05:30,COALINDIA.NS,0.0453,0.0636,-0.1271,0.0212,1
2026-06-03 13:15:00+05:30,COALINDIA.NS,-0.2016,-0.1906,0.0529,0.0424,2
2026-06-03 13:30:00+05:30,COALINDIA.NS,-0.082,0.244,0.1485,0.191,2
2026-06-03 13:45:00+05:30,COALINDIA.NS,0.0774,-0.0953,-0.0106,-0.1376,1
2026-06-03 14:00:00+05:30,COALINDIA.NS,-0.2325,0.0847,0.0424,-0.0106,2
2026-06-03 14:15:00+05:30,COALINDIA.NS,0.0165,-0.0423,-0.127,-0.0212,1
2026-06-03 14:30:00+05:30,COALINDIA.NS,-0.1763,-0.0847,-0.0529,0.4871,2
2026-06-03 14:45:00+05:30,COALINDIA.NS,-0.1074,0.0318,0.106,0.4133,2
2026-06-03 15:00:00+05:30,COALINDIA.NS,0.2363,0.0742,0.5403,0.6357,1
2026-06-03 15:15:00+05:30,COALINDIA.NS,0.0705,0.4658,0.307,0.5187,1
2026-06-04 09:15:00+05:30,COALINDIA.NS,-0.1073,-0.1581,0.0948,-0.2529,2
2026-06-04 09:30:00+05:30,COALINDIA.NS,-0.2463,0.2533,0.2111,0.1161,2
2026-06-04 09:45:00+05:30,COALINDIA.NS,0.0186,-0.0421,-0.3474,0.4421,1
2026-06-04 10:00:00+05:30,COALINDIA.NS,-0.1027,-0.3054,-0.0948,0.6319,2
2026-06-04 10:15:00+05:30,COALINDIA.NS,-0.2801,0.2113,0.7923,1.7748,2
2026-06-04 10:30:00+05:30,COALINDIA.NS,0.2534,0.5798,0.7274,1.4337,1
2026-06-04 10:45:00+05:30,COALINDIA.NS,0.51,0.1467,0.9747,0.8804,1
2026-06-04 11:00:00+05:30,COALINDIA.NS,0.2102,0.8268,0.7012,0.8791,1
2026-06-04 11:15:00+05:30,COALINDIA.NS,0.8562,-0.1246,-0.0934,-0.0623,1
2026-06-04 11:30:00+05:30,COALINDIA.NS,-0.3426,0.0312,0.1767,0.0935,2
2026-06-04 11:45:00+05:30,COALINDIA.NS,0.1054,0.1455,0.0312,0.0416,1
2026-06-04 12:00:00+05:30,COALINDIA.NS,0.0473,-0.1141,-0.083,-0.1764,1
2026-06-04 12:15:00+05:30,COALINDIA.NS,-0.0671,0.0312,0.0104,-0.0208,2
2026-06-04 12:30:00+05:30,COALINDIA.NS,0.2236,-0.0208,-0.0934,0.0312,1
2026-06-04 12:45:00+05:30,COALINDIA.NS,-0.1656,-0.0727,-0.0312,-0.0104,2
2026-06-04 13:00:00+05:30,COALINDIA.NS,0.265,0.0416,0.1247,0.1663,1
2026-06-04 13:15:00+05:30,COALINDIA.NS,-0.0602,0.0831,0.0208,0.561,1
2026-06-04 13:30:00+05:30,COALINDIA.NS,0.0876,-0.0623,0.0415,0.0208,2
2026-06-04 13:45:00+05:30,COALINDIA.NS,-0.0611,0.1039,0.5401,0.2493,2
2026-06-04 14:00:00+05:30,COALINDIA.NS,-0.0991,0.4358,-0.0208,0.0208,1
2026-06-04 14:15:00+05:30,COALINDIA.NS,0.4125,-0.4545,-0.2893,-0.5475,1
2026-06-04 14:30:00+05:30,COALINDIA.NS,-0.5208,0.166,0.0415,-0.7472,2
2026-06-04 14:45:00+05:30,COALINDIA.NS,0.2747,-0.1243,-0.259,-0.9739,1
2026-06-04 15:00:00+05:30,COALINDIA.NS,-0.1382,-0.1349,-0.7884,-1.0788,2
2026-06-04 15:15:00+05:30,COALINDIA.NS,-0.245,-0.6544,-0.7167,-1.4646,2
2026-06-05 09:15:00+05:30,COALINDIA.NS,-0.9027,-0.0627,-0.2928,-1.0665,2
2026-06-05 09:30:00+05:30,COALINDIA.NS,-0.1429,-0.2302,-0.7533,-0.6068,2
2026-06-05 09:45:00+05:30,COALINDIA.NS,-0.1039,-0.5243,-0.776,-0.5558,2
2026-06-05 10:00:00+05:30,COALINDIA.NS,-0.6616,-0.253,0.1476,-0.39,2
2026-06-05 10:15:00+05:30,COALINDIA.NS,-0.2231,0.4016,0.2219,-0.4016,2
2026-06-05 10:30:00+05:30,COALINDIA.NS,0.8542,-0.1789,-0.5368,-0.2,1
2026-06-05 10:45:00+05:30,COALINDIA.NS,-0.3487,-0.3585,-0.6222,0.0,2
2026-06-05 11:00:00+05:30,COALINDIA.NS,-0.5329,-0.2646,0.3387,0.4022,2
2026-06-05 11:15:00+05:30,COALINDIA.NS,-0.1448,0.6048,0.6261,0.6154,2
2026-06-05 11:30:00+05:30,COALINDIA.NS,0.5856,0.0211,0.0633,-0.1688,1
2026-06-05 11:45:00+05:30,COALINDIA.NS,0.1357,0.0422,-0.0105,-0.1055,1
2026-06-05 12:00:00+05:30,COALINDIA.NS,-0.1356,-0.0527,-0.2319,-0.3584,2
2026-06-05 12:15:00+05:30,COALINDIA.NS,-0.041,-0.1793,-0.0949,-0.5379,2
2026-06-05 12:30:00+05:30,COALINDIA.NS,0.0861,0.0845,-0.1268,-0.4437,2
2026-06-05 12:45:00+05:30,COALINDIA.NS,0.1153,-0.2111,-0.4434,-0.2956,2
2026-06-05 13:00:00+05:30,COALINDIA.NS,-0.0825,-0.2327,-0.3174,0.0106,2
2026-06-05 13:15:00+05:30,COALINDIA.NS,-0.1366,-0.0848,0.1484,0.4135,2
2026-06-05 13:30:00+05:30,COALINDIA.NS,-0.0296,0.2335,0.329,0.5518,1
2026-06-05 13:45:00+05:30,COALINDIA.NS,0.0815,0.0953,0.2647,0.0529,1
2026-06-05 14:00:00+05:30,COALINDIA.NS,0.1068,0.1692,0.2221,0.0,1
2026-06-05 14:15:00+05:30,COALINDIA.NS,0.0376,0.0528,-0.2112,-0.359,1
2026-06-05 14:30:00+05:30,COALINDIA.NS,-0.1485,-0.2639,-0.2216,-1.2032,2
2026-06-05 14:45:00+05:30,COALINDIA.NS,-0.0984,0.0423,-0.1482,-0.7407,2
2026-06-05 15:00:00+05:30,COALINDIA.NS,0.0208,-0.1904,-0.9837,-1.2482,1
2026-06-05 15:15:00+05:30,COALINDIA.NS,-0.2108,-0.7948,-0.5935,-0.9856,1
2026-06-08 09:15:00+05:30,COALINDIA.NS,-0.278,0.203,-0.2671,0.0,2
2026-06-08 09:30:00+05:30,COALINDIA.NS,0.2005,-0.4691,-0.3945,-0.096,2
2026-06-08 09:45:00+05:30,COALINDIA.NS,-0.6191,0.075,0.2678,0.3106,2
2026-06-08 10:00:00+05:30,COALINDIA.NS,0.1853,0.1927,0.2997,0.2462,1
2026-06-08 10:15:00+05:30,COALINDIA.NS,0.2017,0.1068,0.0427,0.0641,1
2026-06-08 10:30:00+05:30,COALINDIA.NS,0.0272,-0.064,-0.0534,-0.3201,1
2026-06-08 10:45:00+05:30,COALINDIA.NS,-0.162,0.0107,0.0214,-0.2136,2
2026-06-08 11:00:00+05:30,COALINDIA.NS,0.0938,0.0107,-0.2669,-0.2349,1
2026-06-08 11:15:00+05:30,COALINDIA.NS,0.0586,-0.2776,-0.2349,-0.2882,2
2026-06-08 11:30:00+05:30,COALINDIA.NS,-0.3804,0.0428,0.0321,0.1606,2
2026-06-08 11:45:00+05:30,COALINDIA.NS,0.0456,-0.0107,-0.0535,0.4066,1
2026-06-08 12:00:00+05:30,COALINDIA.NS,-0.0286,-0.0428,0.1284,0.0214,1
2026-06-08 12:15:00+05:30,COALINDIA.NS,-0.0913,0.1713,0.4604,0.0428,1
2026-06-08 12:30:00+05:30,COALINDIA.NS,0.0481,0.2886,-0.1069,-0.2351,2
2026-06-08 12:45:00+05:30,COALINDIA.NS,0.2778,-0.3943,-0.4156,-0.8526,2
2026-06-08 13:00:00+05:30,COALINDIA.NS,-0.23,-0.0214,-0.1284,-0.4601,2
2026-06-08 13:15:00+05:30,COALINDIA.NS,0.0107,-0.107,-0.4388,-0.5137,2
2026-06-08 13:30:00+05:30,COALINDIA.NS,0.0554,-0.3321,-0.3321,-0.3857,2
2026-06-08 13:45:00+05:30,COALINDIA.NS,-0.3024,0.0,-0.0752,-0.1397,2
2026-06-08 14:00:00+05:30,COALINDIA.NS,0.0716,-0.0752,-0.0537,0.0322,1
2026-06-08 14:15:00+05:30,COALINDIA.NS,-0.0826,0.0215,-0.0645,-0.0215,2
2026-06-08 14:30:00+05:30,COALINDIA.NS,-0.1137,-0.086,0.086,-1.0325,2
2026-06-08 14:45:00+05:30,COALINDIA.NS,-0.0757,0.1722,0.0431,-0.8181,1
2026-06-08 15:00:00+05:30,COALINDIA.NS,0.3898,-0.1289,-1.1176,-1.3755,1
2026-06-08 15:15:00+05:30,COALINDIA.NS,0.013,-0.9899,-0.8608,-0.3551,1
2026-06-09 09:15:00+05:30,COALINDIA.NS,-0.9284,0.1304,-0.2608,0.3912,2
2026-06-09 09:30:00+05:30,COALINDIA.NS,0.2538,-0.3907,0.5101,0.5644,1
2026-06-09 09:45:00+05:30,COALINDIA.NS,-0.3984,0.9043,0.6537,1.2094,2
2026-06-09 10:00:00+05:30,COALINDIA.NS,0.9917,-0.2484,0.054,0.2592,1
2026-06-09 10:15:00+05:30,COALINDIA.NS,-0.1604,0.3031,0.5521,0.3356,2
2026-06-09 10:30:00+05:30,COALINDIA.NS,0.2836,0.2482,0.2051,0.3453,1
2026-06-09 10:45:00+05:30,COALINDIA.NS,0.3009,-0.0431,-0.2153,0.2476,1
2026-06-09 11:00:00+05:30,COALINDIA.NS,-0.0005,-0.1723,0.14,0.3016,1
2026-06-09 11:15:00+05:30,COALINDIA.NS,-0.1009,0.3129,0.4639,0.6149,2
2026-06-09 11:30:00+05:30,COALINDIA.NS,0.2489,0.1506,0.1613,0.3442,2
2026-06-09 11:45:00+05:30,COALINDIA.NS,0.019,0.0107,0.1503,-0.2255,1
2026-06-09 12:00:00+05:30,COALINDIA.NS,-0.0134,0.1396,0.1825,-0.3329,1
2026-06-09 12:15:00+05:30,COALINDIA.NS,0.0701,0.0429,-0.3753,-0.5897,2
2026-06-09 12:30:00+05:30,COALINDIA.NS,0.0313,-0.418,-0.5145,-0.6538,2
2026-06-09 12:45:00+05:30,COALINDIA.NS,-0.3081,-0.0969,-0.2153,-0.2045,2
2026-06-09 13:00:00+05:30,COALINDIA.NS,-0.1798,-0.1185,-0.1401,-0.0862,2
2026-06-09 13:15:00+05:30,COALINDIA.NS,-0.1333,-0.0216,0.0108,0.1726,2
2026-06-09 13:30:00+05:30,COALINDIA.NS,-0.0705,0.0324,0.0539,0.0324,2
2026-06-09 13:45:00+05:30,COALINDIA.NS,0.1359,0.0216,0.1618,0.6902,1
2026-06-09 14:00:00+05:30,COALINDIA.NS,-0.0293,0.1402,-0.0216,0.7009,1
2026-06-09 14:15:00+05:30,COALINDIA.NS,0.0837,-0.1615,0.5276,0.5492,1
2026-06-09 14:30:00+05:30,COALINDIA.NS,-0.3073,0.6902,0.7226,-0.1402,2
2026-06-09 14:45:00+05:30,COALINDIA.NS,0.5794,0.0321,0.0214,-0.557,1
2026-06-09 15:00:00+05:30,COALINDIA.NS,0.1282,-0.0107,-0.8566,-0.7924,2
2026-06-09 15:15:00+05:30,COALINDIA.NS,-0.1098,-0.846,-0.5783,-0.7925,2
2026-06-10 09:15:00+05:30,COALINDIA.NS,-1.2211,0.27,0.0648,0.324,2
2026-06-10 09:30:00+05:30,COALINDIA.NS,0.1923,-0.2047,-0.2154,0.0539,1
2026-06-10 09:45:00+05:30,COALINDIA.NS,-0.3243,-0.0108,0.259,0.1835,2
2026-06-10 10:00:00+05:30,COALINDIA.NS,0.1907,0.2699,0.2699,-0.1295,1
2026-06-10 10:15:00+05:30,COALINDIA.NS,0.25,0.0,-0.0754,-0.3122,1
2026-06-10 10:30:00+05:30,COALINDIA.NS,-0.2106,-0.0754,-0.3983,-0.2261,2
2026-06-10 10:45:00+05:30,COALINDIA.NS,-0.2264,-0.3232,-0.237,-0.3124,1
2026-06-10 11:00:00+05:30,COALINDIA.NS,-0.2808,0.0865,0.1729,-0.3999,2
2026-06-10 11:15:00+05:30,COALINDIA.NS,-0.0232,0.0864,-0.0756,-0.594,1
2026-06-10 11:30:00+05:30,COALINDIA.NS,0.0475,-0.1618,-0.5719,-0.7229,1
2026-06-10 11:45:00+05:30,COALINDIA.NS,-0.1053,-0.4107,-0.5187,-0.6052,2
2026-06-10 12:00:00+05:30,COALINDIA.NS,-0.3984,-0.1085,-0.1519,-0.2713,2
2026-06-10 12:15:00+05:30,COALINDIA.NS,0.0095,-0.0435,-0.0869,-0.1195,2
2026-06-10 12:30:00+05:30,COALINDIA.NS,0.0772,-0.0435,-0.1195,-0.5325,2
2026-06-10 12:45:00+05:30,COALINDIA.NS,-0.1814,-0.0761,-0.0326,-0.9677,2
2026-06-10 13:00:00+05:30,COALINDIA.NS,-0.1835,0.0435,-0.4135,-1.3711,2
2026-06-10 13:15:00+05:30,COALINDIA.NS,0.0749,-0.4568,-0.9354,-1.5662,1
2026-06-10 13:30:00+05:30,COALINDIA.NS,-0.2897,-0.4808,-0.9615,-1.1691,2
2026-06-10 13:45:00+05:30,COALINDIA.NS,-0.447,-0.4831,-0.6368,-0.7686,2
2026-06-10 14:00:00+05:30,COALINDIA.NS,-0.3321,-0.1545,-0.2096,-0.6068,2
2026-06-10 14:15:00+05:30,COALINDIA.NS,-0.1139,-0.0552,-0.1326,-0.2541,2
2026-06-10 14:30:00+05:30,COALINDIA.NS,0.1796,-0.0774,-0.398,-0.4533,1
2026-06-10 14:45:00+05:30,COALINDIA.NS,-0.0733,-0.3209,-0.1217,-0.6085,2
2026-06-10 15:00:00+05:30,COALINDIA.NS,-0.0641,0.1998,-0.0555,-0.3774,2
2026-06-10 15:15:00+05:30,COALINDIA.NS,0.1225,-0.2548,-0.4874,-0.3213,1
2026-06-11 09:15:00+05:30,COALINDIA.NS,-0.2664,-0.2332,-0.3221,-0.1666,2
2026-06-11 09:30:00+05:30,COALINDIA.NS,-0.316,-0.0891,0.167,-0.167,2
2026-06-11 09:45:00+05:30,COALINDIA.NS,0.0454,0.2563,0.156,-0.1894,1
2026-06-11 10:00:00+05:30,COALINDIA.NS,0.1244,-0.1,-0.3334,-0.3001,1
2026-06-11 10:15:00+05:30,COALINDIA.NS,-0.3801,-0.2336,-0.3449,-0.6007,2
2026-06-11 10:30:00+05:30,COALINDIA.NS,-0.2538,-0.1115,0.0335,-0.3791,2
2026-06-11 10:45:00+05:30,COALINDIA.NS,0.0302,0.1451,-0.2568,-0.2009,2
2026-06-11 11:00:00+05:30,COALINDIA.NS,0.1679,-0.4013,-0.4124,-0.4124,1
2026-06-11 11:15:00+05:30,COALINDIA.NS,-0.6267,-0.0112,0.056,0.0671,2
2026-06-11 11:30:00+05:30,COALINDIA.NS,-0.0839,0.0672,0.0,0.2127,1
2026-06-11 11:45:00+05:30,COALINDIA.NS,-0.1069,-0.0671,0.0112,0.1007,1
2026-06-11 12:00:00+05:30,COALINDIA.NS,-0.0985,0.0783,0.2127,-0.1119,1
2026-06-11 12:15:00+05:30,COALINDIA.NS,0.0326,0.1342,0.0895,-0.2125,1
2026-06-11 12:30:00+05:30,COALINDIA.NS,0.1479,-0.0447,-0.3239,-0.4803,1
2026-06-11 12:45:00+05:30,COALINDIA.NS,-0.1127,-0.2794,-0.3017,-0.3352,2
2026-06-11 13:00:00+05:30,COALINDIA.NS,-0.1293,-0.0224,-0.1569,-0.2241,2
2026-06-11 13:15:00+05:30,COALINDIA.NS,0.0569,-0.1345,-0.0336,0.0785,1
2026-06-11 13:30:00+05:30,COALINDIA.NS,-0.014,0.101,-0.0673,0.0449,2
2026-06-11 13:45:00+05:30,COALINDIA.NS,0.0691,-0.1682,0.1121,0.0448,2
2026-06-11 14:00:00+05:30,COALINDIA.NS,-0.0845,0.2808,0.1123,0.2471,2
2026-06-11 14:15:00+05:30,COALINDIA.NS,0.1936,-0.168,-0.0672,-0.1904,1
2026-06-11 14:30:00+05:30,COALINDIA.NS,0.0282,0.101,0.1346,-0.1907,1
2026-06-11 14:45:00+05:30,COALINDIA.NS,0.2074,0.0336,-0.1233,-0.3474,2
2026-06-11 15:00:00+05:30,COALINDIA.NS,0.0934,-0.1568,-0.3249,-0.7954,2
2026-06-11 15:15:00+05:30,COALINDIA.NS,-0.2709,-0.1683,-0.2244,-0.4937,2
2026-06-12 09:15:00+05:30,COALINDIA.NS,-0.9732,-0.0562,-0.4721,-0.3709,2
2026-06-12 09:30:00+05:30,COALINDIA.NS,0.0501,-0.4161,-0.2699,-0.3374,1
2026-06-12 09:45:00+05:30,COALINDIA.NS,-0.2572,0.1468,0.1016,0.0452,2
2026-06-12 10:00:00+05:30,COALINDIA.NS,0.1501,-0.0451,-0.0677,-0.2255,1
2026-06-12 10:15:00+05:30,COALINDIA.NS,-0.0594,-0.0226,-0.0564,-0.4061,2
2026-06-12 10:30:00+05:30,COALINDIA.NS,-0.0577,-0.0339,-0.158,-0.4062,2
2026-06-12 10:45:00+05:30,COALINDIA.NS,-0.0651,-0.1242,-0.3499,-0.1016,1
2026-06-12 11:00:00+05:30,COALINDIA.NS,-0.2274,-0.226,-0.2486,-0.2938,2
2026-06-12 11:15:00+05:30,COALINDIA.NS,-0.1332,-0.0227,0.2492,-0.1586,1
2026-06-12 11:30:00+05:30,COALINDIA.NS,-0.0924,0.2719,-0.0453,-0.2946,1
2026-06-12 11:45:00+05:30,COALINDIA.NS,0.2604,-0.3164,-0.4068,-0.4746,1
2026-06-12 12:00:00+05:30,COALINDIA.NS,-0.1878,-0.0907,-0.2494,-0.136,2
2026-06-12 12:15:00+05:30,COALINDIA.NS,-0.1699,-0.1588,-0.0681,0.2723,2
2026-06-12 12:30:00+05:30,COALINDIA.NS,0.0196,0.0909,0.1136,0.4091,1
2026-06-12 12:45:00+05:30,COALINDIA.NS,0.081,0.0227,0.3406,0.4087,1
2026-06-12 13:00:00+05:30,COALINDIA.NS,-0.018,0.3178,0.2951,0.7832,2
2026-06-12 13:15:00+05:30,COALINDIA.NS,0.0608,-0.0226,0.0679,0.5092,2
2026-06-12 13:30:00+05:30,COALINDIA.NS,-0.3826,0.0905,0.4867,0.4074,2
2026-06-12 13:45:00+05:30,COALINDIA.NS,-0.0768,0.3957,0.441,0.2601,1
2026-06-12 14:00:00+05:30,COALINDIA.NS,0.32,0.045,-0.0788,-0.214,1
2026-06-12 14:15:00+05:30,COALINDIA.NS,-0.027,-0.1238,-0.1801,0.1576,1
2026-06-12 14:30:00+05:30,COALINDIA.NS,-0.2107,-0.0564,-0.1353,0.2705,1
2026-06-12 14:45:00+05:30,COALINDIA.NS,-0.2104,-0.0789,0.3383,0.2707,2
2026-06-12 15:00:00+05:30,COALINDIA.NS,-0.1376,0.4176,0.4063,0.1016,2
2026-06-12 15:15:00+05:30,COALINDIA.NS,0.3719,-0.0112,-0.0674,-0.4608,1
2026-06-15 09:15:00+05:30,COALINDIA.NS,-0.8562,-0.0562,-0.3035,-0.6295,2
2026-06-15 09:30:00+05:30,COALINDIA.NS,-0.1792,-0.2474,-0.3937,-0.5286,1
2026-06-15 09:45:00+05:30,COALINDIA.NS,-0.2008,-0.1466,-0.327,-0.0451,2
2026-06-15 10:00:00+05:30,COALINDIA.NS,-0.1447,-0.1807,-0.1355,-0.1468,1
2026-06-15 10:15:00+05:30,COALINDIA.NS,-0.2654,0.0453,0.2828,0.8145,2
2026-06-15 10:30:00+05:30,COALINDIA.NS,-0.0663,0.2374,-0.0113,0.6784,1
2026-06-15 10:45:00+05:30,COALINDIA.NS,0.1426,-0.2482,0.5302,0.3948,1
2026-06-15 11:00:00+05:30,COALINDIA.NS,-0.1046,0.7803,0.6898,0.7011,2
2026-06-15 11:15:00+05:30,COALINDIA.NS,0.7392,-0.0898,-0.1347,-0.202,1
2026-06-15 11:30:00+05:30,COALINDIA.NS,-0.0037,-0.0449,0.0112,-0.0674,1
2026-06-15 11:45:00+05:30,COALINDIA.NS,-0.0292,0.0562,-0.0674,-0.3371,2
2026-06-15 12:00:00+05:30,COALINDIA.NS,0.1816,-0.1235,-0.0786,-0.1909,1
2026-06-15 12:15:00+05:30,COALINDIA.NS,0.0097,0.045,-0.2698,-0.0112,2
2026-06-15 12:30:00+05:30,COALINDIA.NS,-0.0724,-0.3147,-0.1124,-0.1911,1
2026-06-15 12:45:00+05:30,COALINDIA.NS,-0.2888,0.2029,0.2593,-0.0113,2
2026-06-15 13:00:00+05:30,COALINDIA.NS,0.1425,0.0563,-0.0788,-0.2025,1
2026-06-15 13:15:00+05:30,COALINDIA.NS,0.1079,-0.1349,-0.2699,-0.3711,1
2026-06-15 13:30:00+05:30,COALINDIA.NS,-0.0464,-0.1351,-0.1239,-0.2139,2
2026-06-15 13:45:00+05:30,COALINDIA.NS,-0.1991,0.0113,-0.1015,-0.203,2
2026-06-15 14:00:00+05:30,COALINDIA.NS,0.0659,-0.1127,-0.0902,-0.0902,1
2026-06-15 14:15:00+05:30,COALINDIA.NS,-0.2337,0.0226,-0.1016,0.237,2
2026-06-15 14:30:00+05:30,COALINDIA.NS,-0.059,-0.1241,0.0,0.2934,1
2026-06-15 14:45:00+05:30,COALINDIA.NS,-0.0031,0.1243,0.3389,0.531,2
2026-06-15 15:00:00+05:30,COALINDIA.NS,0.2439,0.2144,0.2934,1.0833,1
2026-06-15 15:15:00+05:30,COALINDIA.NS,0.0837,0.0788,0.1914,0.608,1
2026-06-16 09:15:00+05:30,COALINDIA.NS,-0.5627,0.1125,0.7876,0.4275,2
2026-06-16 09:30:00+05:30,COALINDIA.NS,0.1971,0.6743,0.4158,0.7305,1
2026-06-16 09:45:00+05:30,COALINDIA.NS,0.5681,-0.2568,-0.3572,0.3796,1
2026-06-16 10:00:00+05:30,COALINDIA.NS,-0.1333,-0.1007,0.3134,0.3246,2
2026-06-16 10:15:00+05:30,COALINDIA.NS,-0.2292,0.4145,0.7394,0.4929,2
2026-06-16 10:30:00+05:30,COALINDIA.NS,0.3462,0.3236,0.0112,0.0781,1
2026-06-16 10:45:00+05:30,COALINDIA.NS,0.293,-0.3114,-0.2447,-0.0222,1
2026-06-16 11:00:00+05:30,COALINDIA.NS,-0.1814,0.0669,0.0669,0.1562,1
2026-06-16 11:15:00+05:30,COALINDIA.NS,0.1135,0.0,0.223,0.4682,1
2026-06-16 11:30:00+05:30,COALINDIA.NS,-0.0013,0.223,0.0892,0.3679,1
2026-06-16 11:45:00+05:30,COALINDIA.NS,0.1861,-0.1335,0.2447,0.0667,1
2026-06-16 12:00:00+05:30,COALINDIA.NS,-0.0808,0.3787,0.2785,0.8577,2
2026-06-16 12:15:00+05:30,COALINDIA.NS,0.3254,-0.0999,-0.1775,0.3107,1
2026-06-16 12:30:00+05:30,COALINDIA.NS,-0.0677,-0.0778,0.5776,0.2999,2
2026-06-16 12:45:00+05:30,COALINDIA.NS,-0.1265,0.6558,0.4891,0.4891,1
2026-06-16 13:00:00+05:30,COALINDIA.NS,0.6105,-0.1657,-0.2761,-0.2319,1
2026-06-16 13:15:00+05:30,COALINDIA.NS,-0.2485,-0.1106,0.0,-0.0553,2
2026-06-16 13:30:00+05:30,COALINDIA.NS,-0.0914,0.1107,0.0443,-0.1993,1
2026-06-16 13:45:00+05:30,COALINDIA.NS,0.0915,-0.0664,-0.0553,-0.0885,1
2026-06-16 14:00:00+05:30,COALINDIA.NS,-0.2199,0.0111,-0.2435,-0.1882,2
2026-06-16 14:15:00+05:30,COALINDIA.NS,0.0406,-0.2546,-0.0332,-0.2103,2
2026-06-16 14:30:00+05:30,COALINDIA.NS,-0.1849,0.2219,0.0555,-0.1997,2
2026-06-16 14:45:00+05:30,COALINDIA.NS,0.0748,-0.1661,-0.1772,-0.2879,1
2026-06-16 15:00:00+05:30,COALINDIA.NS,-0.2346,-0.0111,-0.2551,-0.3327,2
2026-06-16 15:15:00+05:30,COALINDIA.NS,-0.052,-0.244,-0.1109,-0.3993,1
2026-06-17 09:15:00+05:30,COALINDIA.NS,-0.1521,0.1334,-0.0778,-0.1001,2
2026-06-17 09:30:00+05:30,COALINDIA.NS,-0.0392,-0.211,-0.2887,0.1332,1
2026-06-17 09:45:00+05:30,COALINDIA.NS,-0.2195,-0.0779,-0.0223,0.2114,2
2026-06-17 10:00:00+05:30,COALINDIA.NS,0.006,0.0557,0.4232,0.9688,1
2026-06-17 10:15:00+05:30,COALINDIA.NS,-0.0219,0.3673,0.2337,1.2243,1
2026-06-17 10:30:00+05:30,COALINDIA.NS,0.2927,-0.1331,0.5434,1.1865,1
2026-06-17 10:45:00+05:30,COALINDIA.NS,-0.1178,0.6773,0.9882,1.3213,1
2026-06-17 11:00:00+05:30,COALINDIA.NS,0.6773,0.3088,0.6397,0.5184,1
2026-06-17 11:15:00+05:30,COALINDIA.NS,0.28,0.3299,0.3299,0.1759,1
2026-06-17 11:30:00+05:30,COALINDIA.NS,0.3242,0.0,-0.1205,-0.1753,1
2026-06-17 11:45:00+05:30,COALINDIA.NS,0.1097,-0.1205,-0.1534,-0.0877,1
2026-06-17 12:00:00+05:30,COALINDIA.NS,-0.0939,-0.0329,-0.0549,0.0878,2
2026-06-17 12:15:00+05:30,COALINDIA.NS,0.004,-0.0219,0.0659,0.6476,1
2026-06-17 12:30:00+05:30,COALINDIA.NS,-0.0263,0.0878,0.1427,1.3174,2
2026-06-17 12:45:00+05:30,COALINDIA.NS,0.1629,0.0548,0.5813,0.5704,1
2026-06-17 13:00:00+05:30,COALINDIA.NS,0.0952,0.5262,1.173,0.0877,1
2026-06-17 13:15:00+05:30,COALINDIA.NS,0.4277,0.6434,-0.0109,-0.7743,1
2026-06-17 13:30:00+05:30,COALINDIA.NS,0.555,-0.6501,-1.0727,-1.2461,1
2026-06-17 13:45:00+05:30,COALINDIA.NS,-0.6227,-0.4253,-0.7634,-0.5562,2
2026-06-17 14:00:00+05:30,COALINDIA.NS,-0.4218,-0.3395,-0.1752,-0.1205,2
2026-06-17 14:15:00+05:30,COALINDIA.NS,-0.2634,0.1649,0.2088,0.0769,2
2026-06-17 14:30:00+05:30,COALINDIA.NS,0.0831,0.0439,0.0549,-0.0549,1
2026-06-17 14:45:00+05:30,COALINDIA.NS,-0.0831,0.011,-0.1316,0.1645,1
2026-06-17 15:00:00+05:30,COALINDIA.NS,-0.0042,-0.1426,-0.1097,-0.0329,1
2026-06-17 15:15:00+05:30,COALINDIA.NS,-0.1427,0.033,0.2965,0.0439,2
2026-06-18 09:15:00+05:30,COALINDIA.NS,-0.3554,0.2635,0.0768,-0.1866,1
2026-06-18 09:30:00+05:30,COALINDIA.NS,0.2052,-0.1861,-0.2518,-0.6351,2
2026-06-18 09:45:00+05:30,COALINDIA.NS,-0.2326,-0.0658,-0.2633,-0.5156,2
2026-06-18 10:00:00+05:30,COALINDIA.NS,-0.0751,-0.1976,-0.3842,-0.5159,1
2026-06-18 10:15:00+05:30,COALINDIA.NS,-0.1443,-0.187,-0.253,-0.352,2
2026-06-18 10:30:00+05:30,COALINDIA.NS,-0.0627,-0.0661,-0.1322,-0.3416,2
2026-06-18 10:45:00+05:30,COALINDIA.NS,-0.1141,-0.0662,-0.0992,-0.2757,2
2026-06-18 11:00:00+05:30,COALINDIA.NS,0.022,-0.0331,-0.2096,-0.2538,2
2026-06-18 11:15:00+05:30,COALINDIA.NS,0.0247,-0.1766,-0.1766,-0.309,1
2026-06-18 11:30:00+05:30,COALINDIA.NS,-0.1768,0.0,-0.0442,-0.2985,2
2026-06-18 11:45:00+05:30,COALINDIA.NS,-0.0526,-0.0442,-0.1327,-0.3649,2
2026-06-18 12:00:00+05:30,COALINDIA.NS,-0.1307,-0.0885,-0.2544,-0.2544,2
2026-06-18 12:15:00+05:30,COALINDIA.NS,-0.2414,-0.1661,-0.2325,-0.1661,2
2026-06-18 12:30:00+05:30,COALINDIA.NS,-0.1843,-0.0665,0.0,0.4214,2
2026-06-18 12:45:00+05:30,COALINDIA.NS,-0.1284,0.0666,0.0666,0.2885,2
2026-06-18 13:00:00+05:30,COALINDIA.NS,0.0327,0.0,0.4214,0.1553,1
2026-06-18 13:15:00+05:30,COALINDIA.NS,0.0394,0.4214,0.2218,0.0887,1
2026-06-18 13:30:00+05:30,COALINDIA.NS,0.393,-0.1988,-0.265,-0.4417,1
2026-06-18 13:45:00+05:30,COALINDIA.NS,-0.1422,-0.0664,-0.1328,-0.2213,2
2026-06-18 14:00:00+05:30,COALINDIA.NS,-0.0351,-0.0664,-0.1772,0.1107,2
2026-06-18 14:15:00+05:30,COALINDIA.NS,-0.0148,-0.1108,-0.0886,0.277,1
2026-06-18 14:30:00+05:30,COALINDIA.NS,-0.1712,0.0222,0.2884,0.0998,2
2026-06-18 14:45:00+05:30,COALINDIA.NS,-0.072,0.2662,0.366,0.3327,2
2026-06-18 15:00:00+05:30,COALINDIA.NS,0.0136,0.0995,-0.188,0.2765,2
2026-06-18 15:15:00+05:30,COALINDIA.NS,0.104,-0.2873,-0.0331,0.1989,1
2026-06-19 09:15:00+05:30,COALINDIA.NS,-0.0852,0.2549,0.4654,0.4987,1
2026-06-19 09:30:00+05:30,COALINDIA.NS,0.233,0.21,0.2321,-0.0774,1
2026-06-19 09:45:00+05:30,COALINDIA.NS,0.157,0.0221,0.0331,-0.3861,1
2026-06-19 10:00:00+05:30,COALINDIA.NS,-0.0707,0.011,-0.3088,-0.386,2
2026-06-19 10:15:00+05:30,COALINDIA.NS,0.2253,-0.3198,-0.419,-0.4521,1
2026-06-19 10:30:00+05:30,COALINDIA.NS,-0.3253,-0.0996,-0.0774,-0.1106,2
2026-06-19 10:45:00+05:30,COALINDIA.NS,0.0391,0.0221,-0.0332,0.0111,2
2026-06-19 11:00:00+05:30,COALINDIA.NS,-0.0603,-0.0554,-0.0332,-0.1661,1
2026-06-19 11:15:00+05:30,COALINDIA.NS,-0.0076,0.0222,0.0443,-0.1661,2
2026-06-19 11:30:00+05:30,COALINDIA.NS,0.0203,0.0221,-0.1329,-0.3654,2
2026-06-19 11:45:00+05:30,COALINDIA.NS,0.0224,-0.155,-0.2104,-0.2989,1
2026-06-19 12:00:00+05:30,COALINDIA.NS,-0.1982,-0.0554,-0.2329,-0.255,2
2026-06-19 12:15:00+05:30,COALINDIA.NS,-0.106,-0.1775,-0.0888,-0.1664,1
2026-06-19 12:30:00+05:30,COALINDIA.NS,-0.1051,0.0889,-0.0222,-0.1667,2
2026-06-19 12:45:00+05:30,COALINDIA.NS,0.1365,-0.111,-0.0777,-0.0555,1
2026-06-19 13:00:00+05:30,COALINDIA.NS,-0.0785,0.0334,-0.1445,0.1445,2
2026-06-19 13:15:00+05:30,COALINDIA.NS,0.0425,-0.1778,0.0222,0.0,1
2026-06-19 13:30:00+05:30,COALINDIA.NS,-0.2453,0.2004,0.2895,0.0557,2
2026-06-19 13:45:00+05:30,COALINDIA.NS,0.1167,0.0889,-0.0222,-0.2222,1
2026-06-19 14:00:00+05:30,COALINDIA.NS,-0.0135,-0.111,-0.2331,0.2664,1
2026-06-19 14:15:00+05:30,COALINDIA.NS,0.0248,-0.1222,-0.2,0.3112,2
2026-06-19 14:30:00+05:30,COALINDIA.NS,-0.1999,-0.0779,0.5007,0.6454,2
2026-06-19 14:45:00+05:30,COALINDIA.NS,0.1836,0.5791,0.5122,0.7238,1
2026-06-19 15:00:00+05:30,COALINDIA.NS,0.1347,-0.0664,0.1439,0.3875,1
2026-06-19 15:15:00+05:30,COALINDIA.NS,-0.1161,0.2105,0.2105,0.6094,2
2026-06-22 09:15:00+05:30,COALINDIA.NS,-0.0431,0.0,0.2432,0.0995,1
2026-06-22 09:30:00+05:30,COALINDIA.NS,0.0641,0.2432,0.398,-0.2432,1
2026-06-22 09:45:00+05:30,COALINDIA.NS,0.0898,0.1544,-0.1434,-0.6507,1
2026-06-22 10:00:00+05:30,COALINDIA.NS,0.0986,-0.2973,-0.6387,-0.8479,1
2026-06-22 10:15:00+05:30,COALINDIA.NS,-0.3218,-0.3424,-0.5081,-0.6406,2
2026-06-22 10:30:00+05:30,COALINDIA.NS,-0.3385,-0.1662,-0.2106,-0.3103,2
2026-06-22 10:45:00+05:30,COALINDIA.NS,-0.2081,-0.0444,-0.1332,-0.2442,1
2026-06-22 11:00:00+05:30,COALINDIA.NS,-0.0884,-0.0889,-0.1,-0.2777,1
2026-06-22 11:15:00+05:30,COALINDIA.NS,-0.1498,-0.0111,-0.1112,-0.2223,2
2026-06-22 11:30:00+05:30,COALINDIA.NS,0.0203,-0.1001,-0.1779,-0.1779,1
2026-06-22 11:45:00+05:30,COALINDIA.NS,-0.068,-0.0779,-0.1113,-0.1113,1
2026-06-22 12:00:00+05:30,COALINDIA.NS,0.0143,-0.0334,0.0,-0.0223,1
2026-06-22 12:15:00+05:30,COALINDIA.NS,-0.0537,0.0334,0.0,-0.0334,2
2026-06-22 12:30:00+05:30,COALINDIA.NS,0.0149,-0.0334,-0.0223,-0.1225,1
2026-06-22 12:45:00+05:30,COALINDIA.NS,-0.0315,0.0111,-0.0334,-0.0891,1
2026-06-22 13:00:00+05:30,COALINDIA.NS,0.0547,-0.0446,-0.1003,-0.0668,1
2026-06-22 13:15:00+05:30,COALINDIA.NS,-0.069,-0.0557,-0.0557,0.078,1
2026-06-22 13:30:00+05:30,COALINDIA.NS,-0.0716,0.0,0.0335,0.1561,1
2026-06-22 13:45:00+05:30,COALINDIA.NS,-0.0263,0.0335,0.1338,0.1338,1
2026-06-22 14:00:00+05:30,COALINDIA.NS,0.0767,0.1003,0.1226,0.078,1
2026-06-22 14:15:00+05:30,COALINDIA.NS,0.0029,0.0223,0.0,0.0,2
2026-06-22 14:30:00+05:30,COALINDIA.NS,0.039,-0.0223,-0.0445,-0.1002,2
2026-06-22 14:45:00+05:30,COALINDIA.NS,-0.0065,-0.0223,0.0,-0.1225,1
2026-06-22 15:00:00+05:30,COALINDIA.NS,0.0935,0.0223,-0.0557,0.0,2
2026-06-22 15:15:00+05:30,COALINDIA.NS,0.0885,-0.078,-0.1225,-0.0668,1
2026-06-23 09:15:00+05:30,COALINDIA.NS,-0.5944,-0.0446,0.0557,-0.1003,2
2026-06-23 09:30:00+05:30,COALINDIA.NS,-0.2059,0.1003,0.0557,-0.2453,2
2026-06-23 09:45:00+05:30,COALINDIA.NS,0.0226,-0.0445,-0.1559,-0.2896,2
2026-06-23 10:00:00+05:30,COALINDIA.NS,-0.0147,-0.1114,-0.3009,-0.0111,2
2026-06-23 10:15:00+05:30,COALINDIA.NS,-0.0658,-0.1896,-0.1339,0.0892,2
2026-06-23 10:30:00+05:30,COALINDIA.NS,-0.16,0.0559,0.2906,0.19,2
2026-06-23 10:45:00+05:30,COALINDIA.NS,0.11,0.2346,0.2234,-0.0447,1
2026-06-23 11:00:00+05:30,COALINDIA.NS,0.1371,-0.0111,-0.1003,-0.2898,1
2026-06-23 11:15:00+05:30,COALINDIA.NS,-0.0111,-0.0892,-0.2675,-0.5239,2
2026-06-23 11:30:00+05:30,COALINDIA.NS,0.0623,-0.1785,-0.1896,-0.4016,1
2026-06-23 11:45:00+05:30,COALINDIA.NS,0.2027,-0.0112,-0.257,-0.6035,1
2026-06-23 12:00:00+05:30,COALINDIA.NS,0.0562,-0.2459,-0.2124,-0.5924,1
2026-06-23 12:15:00+05:30,COALINDIA.NS,-0.208,0.0336,-0.3473,-0.2017,2
2026-06-23 12:30:00+05:30,COALINDIA.NS,0.0835,-0.3808,-0.3808,-0.4032,1
2026-06-23 12:45:00+05:30,COALINDIA.NS,-0.2804,0.0,0.1462,-0.0787,2
2026-06-23 13:00:00+05:30,COALINDIA.NS,0.0224,0.1462,-0.0225,0.0225,2
2026-06-23 13:15:00+05:30,COALINDIA.NS,0.226,-0.1684,-0.2245,-0.2021,1
2026-06-23 13:30:00+05:30,COALINDIA.NS,-0.1275,-0.0562,0.045,0.3374,2
2026-06-23 13:45:00+05:30,COALINDIA.NS,0.0809,0.1013,0.0225,0.4726,1
2026-06-23 14:00:00+05:30,COALINDIA.NS,-0.0692,-0.0787,0.2923,-0.0899,1
2026-06-23 14:15:00+05:30,COALINDIA.NS,-0.0473,0.3712,0.45,0.045,2
2026-06-23 14:30:00+05:30,COALINDIA.NS,0.283,0.0785,-0.3811,-0.3923,1
2026-06-23 14:45:00+05:30,COALINDIA.NS,0.1575,-0.4592,-0.4032,-0.4368,2
2026-06-23 15:00:00+05:30,COALINDIA.NS,-0.0774,0.0563,-0.0112,0.1463,2
2026-06-23 15:15:00+05:30,COALINDIA.NS,0.2079,-0.0675,-0.0337,0.09,1
2026-06-24 09:15:00+05:30,COALINDIA.NS,-0.352,0.0338,0.1575,-0.0788,2
2026-06-24 09:30:00+05:30,COALINDIA.NS,-0.1284,0.1237,0.1237,-0.0675,2
2026-06-24 09:45:00+05:30,COALINDIA.NS,0.2293,0.0,-0.2359,-0.2921,1
2026-06-24 10:00:00+05:30,COALINDIA.NS,-0.3192,-0.2359,-0.191,-0.2584,2
2026-06-24 10:15:00+05:30,COALINDIA.NS,-0.3389,0.045,-0.0563,-0.1126,2
2026-06-24 10:30:00+05:30,COALINDIA.NS,0.0658,-0.1013,-0.0675,-0.1801,1
2026-06-24 10:45:00+05:30,COALINDIA.NS,-0.2017,0.0338,-0.0563,-0.0676,2
2026-06-24 11:00:00+05:30,COALINDIA.NS,-0.1301,-0.0901,-0.1126,-0.1464,1
2026-06-24 11:15:00+05:30,COALINDIA.NS,-0.0663,-0.0225,-0.0113,-0.1127,2
2026-06-24 11:30:00+05:30,COALINDIA.NS,-0.1625,0.0113,-0.0338,-0.0677,2
2026-06-24 11:45:00+05:30,COALINDIA.NS,0.0511,-0.0451,-0.1015,-0.1015,2
2026-06-24 12:00:00+05:30,COALINDIA.NS,0.0199,-0.0564,-0.0338,-0.0113,2
2026-06-24 12:15:00+05:30,COALINDIA.NS,-0.1123,0.0226,0.0,0.0,2
2026-06-24 12:30:00+05:30,COALINDIA.NS,0.0633,-0.0226,0.0226,0.0,1
2026-06-24 12:45:00+05:30,COALINDIA.NS,-0.0768,0.0451,0.0,0.0677,2
2026-06-24 13:00:00+05:30,COALINDIA.NS,-0.0663,-0.0451,-0.0226,0.0451,1
2026-06-24 13:15:00+05:30,COALINDIA.NS,-0.1477,0.0226,0.0677,0.0451,2
2026-06-24 13:30:00+05:30,COALINDIA.NS,-0.0662,0.0451,0.0677,-0.0451,2
2026-06-24 13:45:00+05:30,COALINDIA.NS,0.0892,0.0226,-0.0226,-0.1015,1
2026-06-24 14:00:00+05:30,COALINDIA.NS,0.0184,-0.0451,-0.1128,-0.406,1
2026-06-24 14:15:00+05:30,COALINDIA.NS,-0.0372,-0.0677,-0.079,-0.4174,2
2026-06-24 14:30:00+05:30,COALINDIA.NS,-0.0606,-0.0113,-0.2935,-1.3321,2
2026-06-24 14:45:00+05:30,COALINDIA.NS,0.0008,-0.2823,-0.3387,-1.7613,2
2026-06-24 15:00:00+05:30,COALINDIA.NS,-0.0413,-0.0566,-1.0417,-1.3247,2
2026-06-24 15:15:00+05:30,COALINDIA.NS,-0.0751,-0.9856,-1.4274,-1.5747,2
2026-06-25 09:15:00+05:30,COALINDIA.NS,-1.1857,-0.4462,-0.286,-0.7437,2
2026-06-25 09:30:00+05:30,COALINDIA.NS,-0.4073,0.1609,-0.1494,-0.1724,2
2026-06-25 09:45:00+05:30,COALINDIA.NS,0.0038,-0.3098,-0.459,-0.3328,2
2026-06-25 10:00:00+05:30,COALINDIA.NS,-0.3521,-0.1496,-0.023,0.2762,2
2026-06-25 10:15:00+05:30,COALINDIA.NS,-0.0992,0.1268,0.1268,0.3112,2
2026-06-25 10:30:00+05:30,COALINDIA.NS,0.0269,0.0,0.2993,-0.1727,2
2026-06-25 10:45:00+05:30,COALINDIA.NS,-0.129,0.2993,0.1842,-0.1266,1
2026-06-25 11:00:00+05:30,COALINDIA.NS,0.3064,-0.1148,-0.4706,-0.4247,2
2026-06-25 11:15:00+05:30,COALINDIA.NS,-0.1035,-0.3562,-0.3103,-0.4826,2
2026-06-25 11:30:00+05:30,COALINDIA.NS,-0.4127,0.0461,0.0461,-0.1845,2
2026-06-25 11:45:00+05:30,COALINDIA.NS,-0.1332,0.0,-0.1729,-0.3573,1
2026-06-25 12:00:00+05:30,COALINDIA.NS,-0.0754,-0.1729,-0.2305,-0.219,1
2026-06-25 12:15:00+05:30,COALINDIA.NS,-0.0032,-0.0577,-0.1848,0.1501,1
2026-06-25 12:30:00+05:30,COALINDIA.NS,-0.0216,-0.1271,0.0116,0.2426,1
2026-06-25 12:45:00+05:30,COALINDIA.NS,-0.1207,0.1388,0.3355,0.4512,2
2026-06-25 13:00:00+05:30,COALINDIA.NS,0.2264,0.1964,0.2311,0.3697,1
2026-06-25 13:15:00+05:30,COALINDIA.NS,0.1716,0.0346,0.1153,0.0807,1
2026-06-25 13:30:00+05:30,COALINDIA.NS,-0.0209,0.0807,0.1383,0.1959,2
2026-06-25 13:45:00+05:30,COALINDIA.NS,0.1668,0.0576,-0.0345,0.2303,2
2026-06-25 14:00:00+05:30,COALINDIA.NS,0.2335,-0.0921,0.0576,0.2878,1
2026-06-25 14:15:00+05:30,COALINDIA.NS,0.037,0.1498,0.265,0.3802,2
