Datetime,Symbol,Gap,RVOL,Future_15m,Future_30m,Future_60m,Rank
2026-05-19 09:15:00+05:30,ASIANPAINT.NS,0.1874,1.3913,-0.2279,-0.5128,-0.0228,10
2026-05-20 09:15:00+05:30,ASIANPAINT.NS,0.9201,0.8402,0.8689,1.1133,0.7526,22
2026-05-21 09:15:00+05:30,ASIANPAINT.NS,1.0544,1.5962,-0.0228,-0.0873,-0.6494,9
2026-05-22 09:15:00+05:30,ASIANPAINT.NS,0.1462,0.9183,0.7543,1.1619,0.9143,10
2026-05-25 09:15:00+05:30,ASIANPAINT.NS,1.4547,0.8422,-0.0973,-0.0449,0.1123,23
2026-05-26 09:15:00+05:30,ASIANPAINT.NS,0.0301,0.5239,-0.0792,-0.1357,0.147,17
2026-05-27 09:15:00+05:30,ASIANPAINT.NS,0.3706,1.9248,-0.1087,0.0712,-0.0749,9
2026-05-29 09:15:00+05:30,ASIANPAINT.NS,0.785,0.6566,0.075,0.5928,0.0976,28
2026-06-01 09:15:00+05:30,ASIANPAINT.NS,2.448,8.3529,-1.5472,-1.2154,-1.659,1
2026-06-02 09:15:00+05:30,ASIANPAINT.NS,0.3602,0.2476,-0.1851,-0.5477,-0.272,30
2026-06-03 09:15:00+05:30,ASIANPAINT.NS,0.5107,0.809,0.4743,0.128,-0.3614,13
2026-06-04 09:15:00+05:30,ASIANPAINT.NS,0.3358,1.2984,0.7442,0.4749,0.7442,13
2026-06-05 09:15:00+05:30,ASIANPAINT.NS,0.1879,0.6251,0.6375,0.6037,0.7012,22
2026-06-08 09:15:00+05:30,ASIANPAINT.NS,1.2702,0.3775,0.2341,0.4909,0.3701,29
2026-06-09 09:15:00+05:30,ASIANPAINT.NS,0.4821,3.0957,0.1007,0.0597,-0.1454,2
2026-06-10 09:15:00+05:30,ASIANPAINT.NS,0.1292,2.3627,-0.1387,0.0,-0.2884,7
2026-06-11 09:15:00+05:30,ASIANPAINT.NS,1.3075,0.2017,0.1333,-0.1518,-0.2296,28
2026-06-12 09:15:00+05:30,ASIANPAINT.NS,1.0963,1.2406,-0.3047,-0.4515,-0.0881,16
2026-06-15 09:15:00+05:30,ASIANPAINT.NS,2.186,12.0636,-1.3935,-1.2591,-1.5774,1
2026-06-16 09:15:00+05:30,ASIANPAINT.NS,0.2667,0.0987,-0.1128,0.0982,0.524,30
2026-06-17 09:15:00+05:30,ASIANPAINT.NS,0.3202,0.4181,-0.0073,0.0,-0.2103,26
2026-06-18 09:15:00+05:30,ASIANPAINT.NS,0.3728,1.9979,0.5532,0.6704,0.6118,3
2026-06-19 09:15:00+05:30,ASIANPAINT.NS,0.4029,0.7806,-0.0877,0.011,-0.0439,23
2026-06-22 09:15:00+05:30,ASIANPAINT.NS,0.3586,1.6743,-0.1574,-0.2306,-0.3917,14
2026-06-23 09:15:00+05:30,ASIANPAINT.NS,0.4003,1.44,0.1954,0.6988,0.7777,9
2026-06-24 09:15:00+05:30,ASIANPAINT.NS,0.0451,0.7699,-0.015,-0.643,-0.1495,16
2026-06-25 09:15:00+05:30,ASIANPAINT.NS,0.4761,1.2935,0.0603,1.0356,0.7343,12
2026-05-19 09:15:00+05:30,BRITANNIA.NS,0.0093,0.9023,-0.1013,0.2763,0.3961,13
2026-05-20 09:15:00+05:30,BRITANNIA.NS,0.48,2.7338,-0.0374,-0.0561,-0.0187,6
2026-05-21 09:15:00+05:30,BRITANNIA.NS,0.3836,0.93,-0.5411,-0.6718,-0.5785,13
2026-05-22 09:15:00+05:30,BRITANNIA.NS,0.1217,0.6228,-0.1318,-0.1318,0.1789,13
2026-05-25 09:15:00+05:30,BRITANNIA.NS,0.7127,0.7401,-0.1965,-0.234,-0.0842,25
2026-05-26 09:15:00+05:30,BRITANNIA.NS,0.1686,0.5582,-0.047,-0.0846,0.047,16
2026-05-27 09:15:00+05:30,BRITANNIA.NS,0.0467,1.2229,0.1221,0.0094,0.1127,15
2026-05-29 09:15:00+05:30,BRITANNIA.NS,0.1592,6.0505,-0.5085,-0.3955,-0.5085,2
2026-06-01 09:15:00+05:30,BRITANNIA.NS,0.4207,0.3917,-0.0579,0.2218,0.5112,23
2026-06-02 09:15:00+05:30,BRITANNIA.NS,0.7271,1.391,-0.1662,-0.1564,-0.2249,14
2026-06-03 09:15:00+05:30,BRITANNIA.NS,0.4008,0.181,-0.0491,-0.3434,-0.1276,30
2026-06-04 09:15:00+05:30,BRITANNIA.NS,0.237,2.8607,0.3765,1.0008,1.09,3
2026-06-05 09:15:00+05:30,BRITANNIA.NS,0.1765,0.5418,0.0295,0.0492,0.2753,23
2026-06-08 09:15:00+05:30,BRITANNIA.NS,0.9862,2.3396,-0.0492,0.0197,-0.4825,6
2026-06-09 09:15:00+05:30,BRITANNIA.NS,0.5732,0.6832,-0.1182,0.1182,-0.1379,20
2026-06-10 09:15:00+05:30,BRITANNIA.NS,0.0783,1.8296,0.6078,0.6657,0.2315,10
2026-06-11 09:15:00+05:30,BRITANNIA.NS,0.2323,1.3947,-0.0579,-0.357,-0.3184,9
2026-06-12 09:15:00+05:30,BRITANNIA.NS,0.5281,0.5133,0.4189,0.263,0.1851,27
2026-06-15 09:15:00+05:30,BRITANNIA.NS,1.6165,1.5915,-0.0673,-0.0673,0.2307,16
2026-06-16 09:15:00+05:30,BRITANNIA.NS,0.0096,0.5532,-0.1249,-0.1921,-0.2113,15
2026-06-17 09:15:00+05:30,BRITANNIA.NS,0.0479,0.8351,-0.0863,-0.0192,0.0671,19
2026-06-18 09:15:00+05:30,BRITANNIA.NS,0.153,1.6876,0.0672,0.1344,0.2111,6
2026-06-19 09:15:00+05:30,BRITANNIA.NS,0.4099,0.3615,-0.1819,-0.1628,-0.2298,28
2026-06-22 09:15:00+05:30,BRITANNIA.NS,0.3463,1.3781,-0.2115,-0.0288,0.1826,16
2026-06-23 09:15:00+05:30,BRITANNIA.NS,0.0,0.7431,0.2389,0.4205,0.3823,20
2026-06-24 09:15:00+05:30,BRITANNIA.NS,0.2103,2.1454,-0.6438,-0.9752,-0.0852,4
2026-06-25 09:15:00+05:30,BRITANNIA.NS,0.1328,0.6158,0.1329,0.4936,0.0,23
2026-05-19 09:15:00+05:30,CIPLA.NS,0.5254,0.1806,-0.4356,-0.0843,-0.2951,30
2026-05-20 09:15:00+05:30,CIPLA.NS,0.3405,4.1159,0.1199,0.0212,-0.268,3
2026-05-21 09:15:00+05:30,CIPLA.NS,0.5359,0.356,0.5763,0.249,0.249,25
2026-05-22 09:15:00+05:30,CIPLA.NS,0.321,0.5561,-0.1285,-0.0571,-0.0999,15
2026-05-25 09:15:00+05:30,CIPLA.NS,0.8901,0.9069,-0.1641,0.1854,-0.0856,21
2026-05-26 09:15:00+05:30,CIPLA.NS,0.1131,4.5144,0.0211,-0.3313,-0.3524,2
2026-05-27 09:15:00+05:30,CIPLA.NS,0.2749,0.6839,-0.0351,-0.0772,0.2527,22
2026-05-29 09:15:00+05:30,CIPLA.NS,0.4372,1.5931,-0.8206,-0.6663,-1.1292,16
2026-06-01 09:15:00+05:30,CIPLA.NS,0.3569,0.3038,0.043,0.2078,0.8382,26
2026-06-02 09:15:00+05:30,CIPLA.NS,0.7604,4.8112,0.029,-0.2467,-0.4571,1
2026-06-03 09:15:00+05:30,CIPLA.NS,0.0943,0.5278,0.2922,0.7378,0.4237,23
2026-06-04 09:15:00+05:30,CIPLA.NS,0.3063,1.0498,0.5284,0.8294,1.3358,14
2026-06-05 09:15:00+05:30,CIPLA.NS,0.5577,1.0448,0.2875,-0.0719,0.0216,9
2026-06-08 09:15:00+05:30,CIPLA.NS,0.7279,0.4395,-0.3206,-0.3491,-0.8406,26
2026-06-09 09:15:00+05:30,CIPLA.NS,0.0937,1.197,-0.1295,-0.302,-0.036,10
2026-06-10 09:15:00+05:30,CIPLA.NS,0.2111,1.191,0.625,0.5523,0.6977,15
2026-06-11 09:15:00+05:30,CIPLA.NS,0.2913,0.553,0.1232,-0.0072,0.6304,19
2026-06-12 09:15:00+05:30,CIPLA.NS,0.7881,1.8494,-0.23,-0.5534,-0.1869,7
2026-06-15 09:15:00+05:30,CIPLA.NS,0.2519,1.3925,-0.0943,0.087,-0.0943,18
2026-06-16 09:15:00+05:30,CIPLA.NS,0.3039,0.345,0.0361,0.3534,0.0577,22
2026-06-17 09:15:00+05:30,CIPLA.NS,0.0145,1.5993,-0.0146,-0.38,-0.4312,10
2026-06-18 09:15:00+05:30,CIPLA.NS,0.2814,1.3923,-0.0807,-0.0954,-0.2495,9
2026-06-19 09:15:00+05:30,CIPLA.NS,0.1251,0.3813,-0.0295,-0.0589,-0.0736,26
2026-06-22 09:15:00+05:30,CIPLA.NS,1.8642,11.8603,0.0144,0.5414,1.1189,2
2026-06-23 09:15:00+05:30,CIPLA.NS,0.3103,0.722,0.532,0.938,1.498,21
2026-06-24 09:15:00+05:30,CIPLA.NS,0.7035,0.6842,0.7779,0.6727,0.6447,20
2026-06-25 09:15:00+05:30,CIPLA.NS,0.7302,0.2393,-0.0486,0.0486,0.0764,27
2026-05-19 09:15:00+05:30,COALINDIA.NS,0.2491,0.7375,-0.1199,-0.1199,-0.1526,18
2026-05-20 09:15:00+05:30,COALINDIA.NS,0.5033,0.6535,0.0769,0.1099,0.0989,24
2026-05-21 09:15:00+05:30,COALINDIA.NS,0.1962,2.0943,0.2488,0.2921,0.119,5
2026-05-22 09:15:00+05:30,COALINDIA.NS,0.0543,0.4365,-0.0763,0.0218,0.109,22
2026-05-25 09:15:00+05:30,COALINDIA.NS,0.3943,1.1869,0.2398,0.6212,0.5776,17
2026-05-26 09:15:00+05:30,COALINDIA.NS,0.4039,3.5157,0.108,0.5507,1.069,3
2026-05-27 09:15:00+05:30,COALINDIA.NS,5.9688,11.2479,0.4217,0.8207,1.801,1
2026-05-29 09:15:00+05:30,COALINDIA.NS,0.8854,1.9312,-0.2993,-0.8873,0.6628,15
2026-06-01 09:15:00+05:30,COALINDIA.NS,0.3164,0.2513,1.9067,1.5472,2.3861,28
2026-06-02 09:15:00+05:30,COALINDIA.NS,0.697,0.3735,-0.3436,0.1933,1.5679,27
2026-06-03 09:15:00+05:30,COALINDIA.NS,0.0318,1.5381,-0.6908,-1.3293,-1.7061,5
2026-06-04 09:15:00+05:30,COALINDIA.NS,0.3705,0.2193,-0.1581,0.0948,-0.2529,30
2026-06-05 09:15:00+05:30,COALINDIA.NS,0.3428,0.7468,-0.0627,-0.2928,-1.0665,18
2026-06-08 09:15:00+05:30,COALINDIA.NS,0.8054,3.1587,0.203,-0.2671,0.0,4
2026-06-09 09:15:00+05:30,COALINDIA.NS,0.0861,0.5272,0.1304,-0.2608,0.3912,24
2026-06-10 09:15:00+05:30,COALINDIA.NS,0.075,0.4155,0.27,0.0648,0.324,27
2026-06-11 09:15:00+05:30,COALINDIA.NS,0.0665,1.4602,-0.2332,-0.3221,-0.1666,7
2026-06-12 09:15:00+05:30,COALINDIA.NS,0.8977,1.0395,-0.0562,-0.4721,-0.3709,18
2026-06-15 09:15:00+05:30,COALINDIA.NS,1.0228,0.883,-0.0562,-0.3035,-0.6295,23
2026-06-16 09:15:00+05:30,COALINDIA.NS,0.5855,0.5737,0.1125,0.7876,0.4275,14
2026-06-17 09:15:00+05:30,COALINDIA.NS,0.0111,0.7751,0.1334,-0.0778,-0.1001,20
2026-06-18 09:15:00+05:30,COALINDIA.NS,0.3185,1.0019,0.2635,0.0768,-0.1866,16
2026-06-19 09:15:00+05:30,COALINDIA.NS,0.0552,0.8101,0.2549,0.4654,0.4987,20
2026-06-22 09:15:00+05:30,COALINDIA.NS,0.1662,2.1975,0.0,0.2432,0.0995,10
2026-06-23 09:15:00+05:30,COALINDIA.NS,0.4454,0.4941,-0.0446,0.0557,-0.1003,27
2026-06-24 09:15:00+05:30,COALINDIA.NS,0.0562,1.9506,0.0338,0.1575,-0.0788,5
2026-06-25 09:15:00+05:30,COALINDIA.NS,0.1133,3.2548,-0.4462,-0.286,-0.7437,4
2026-05-19 09:15:00+05:30,DRREDDY.NS,0.1953,1.3995,-0.4617,-0.8042,-0.8713,9
2026-05-20 09:15:00+05:30,DRREDDY.NS,0.8613,0.4435,-0.3084,-0.1429,-0.0376,28
2026-05-21 09:15:00+05:30,DRREDDY.NS,0.3555,2.9327,0.1357,-0.0679,-0.1056,3
2026-05-22 09:15:00+05:30,DRREDDY.NS,0.1062,0.3604,-0.4026,-0.6154,-0.3723,26
2026-05-25 09:15:00+05:30,DRREDDY.NS,0.9792,0.9368,-0.3264,-0.2429,-0.8123,20
2026-05-26 09:15:00+05:30,DRREDDY.NS,0.3451,1.0291,-0.2098,-0.1124,-0.1199,8
2026-05-27 09:15:00+05:30,DRREDDY.NS,0.241,1.0598,-0.3584,-0.2539,-0.5451,18
2026-05-29 09:15:00+05:30,DRREDDY.NS,0.1061,1.0633,-0.4931,-0.3034,-0.3413,22
2026-06-01 09:15:00+05:30,DRREDDY.NS,0.1212,1.0185,0.0384,-0.0845,0.4994,7
2026-06-02 09:15:00+05:30,DRREDDY.NS,0.2643,1.8647,0.0078,0.0157,-0.2275,11
2026-06-03 09:15:00+05:30,DRREDDY.NS,0.2983,0.6818,0.0553,0.4978,-0.0553,18
2026-06-04 09:15:00+05:30,DRREDDY.NS,0.4196,0.4674,0.0399,0.638,1.4514,22
2026-06-05 09:15:00+05:30,DRREDDY.NS,0.4808,1.8653,0.1179,-0.0471,0.1415,3
2026-06-08 09:15:00+05:30,DRREDDY.NS,0.5633,1.5359,-0.6188,-0.4719,-0.3403,11
2026-06-09 09:15:00+05:30,DRREDDY.NS,0.196,0.3322,-0.2099,-0.1088,0.0389,30
2026-06-10 09:15:00+05:30,DRREDDY.NS,0.1573,2.8292,0.2832,0.2202,0.4955,4
2026-06-11 09:15:00+05:30,DRREDDY.NS,0.055,0.2638,-0.4056,-0.975,-0.624,27
2026-06-12 09:15:00+05:30,DRREDDY.NS,1.1364,1.6861,-0.6806,-0.8136,-0.532,9
2026-06-15 09:15:00+05:30,DRREDDY.NS,1.4113,1.751,0.3885,0.1709,-0.1554,15
2026-06-16 09:15:00+05:30,DRREDDY.NS,0.0469,0.2129,0.187,0.0,-0.0234,29
2026-06-17 09:15:00+05:30,DRREDDY.NS,0.1252,1.9695,0.0629,-0.1493,-0.1415,7
2026-06-18 09:15:00+05:30,DRREDDY.NS,0.4884,1.6922,-0.1098,-0.4236,-0.3765,5
2026-06-19 09:15:00+05:30,DRREDDY.NS,0.1969,0.3253,0.1739,-0.1344,-0.2845,29
2026-06-22 09:15:00+05:30,DRREDDY.NS,0.2357,3.4753,-0.1722,-0.0078,0.0861,6
2026-06-23 09:15:00+05:30,DRREDDY.NS,0.6192,4.0574,0.4941,0.7905,0.0532,2
2026-06-24 09:15:00+05:30,DRREDDY.NS,0.5149,1.8145,0.105,0.3075,-0.0675,6
2026-06-25 09:15:00+05:30,DRREDDY.NS,0.4671,0.1985,0.4519,0.6519,0.6667,30
2026-05-19 09:15:00+05:30,HINDUNILVR.NS,0.4288,0.5079,-0.1589,-0.1942,0.5472,24
2026-05-20 09:15:00+05:30,HINDUNILVR.NS,0.2645,2.6367,0.2357,0.4125,0.2085,7
2026-05-21 09:15:00+05:30,HINDUNILVR.NS,0.5748,0.9003,0.0362,-0.113,-0.2712,15
2026-05-22 09:15:00+05:30,HINDUNILVR.NS,0.1285,0.4209,-0.0413,0.3349,0.5092,24
2026-05-25 09:15:00+05:30,HINDUNILVR.NS,0.6716,2.5051,-0.3498,-0.453,-0.157,7
2026-05-26 09:15:00+05:30,HINDUNILVR.NS,0.1366,0.3194,-0.0273,-0.1456,0.232,25
2026-05-27 09:15:00+05:30,HINDUNILVR.NS,0.1357,1.1812,-0.1767,-0.2537,-0.2944,16
2026-05-29 09:15:00+05:30,HINDUNILVR.NS,1.8582,4.0797,-0.6395,-0.7076,-0.9253,4
2026-06-01 09:15:00+05:30,HINDUNILVR.NS,0.0231,0.8897,-0.1977,-0.1883,-0.2213,9
2026-06-02 09:15:00+05:30,HINDUNILVR.NS,0.4739,1.1822,-0.2695,-0.1973,-0.0192,17
2026-06-03 09:15:00+05:30,HINDUNILVR.NS,0.2338,0.5851,0.149,-0.0865,0.1394,22
2026-06-04 09:15:00+05:30,HINDUNILVR.NS,0.1435,1.5398,0.0238,0.119,0.0095,11
2026-06-05 09:15:00+05:30,HINDUNILVR.NS,0.3463,0.6793,0.0817,0.3124,0.6585,19
2026-06-08 09:15:00+05:30,HINDUNILVR.NS,0.8485,1.7473,0.1472,0.3229,0.1472,9
2026-06-09 09:15:00+05:30,HINDUNILVR.NS,0.3318,0.3354,0.2173,0.1984,-0.2834,29
2026-06-10 09:15:00+05:30,HINDUNILVR.NS,0.0422,8.1867,-0.0319,0.2875,-0.2327,1
2026-06-11 09:15:00+05:30,HINDUNILVR.NS,0.6223,0.0941,-0.0093,-0.1067,-0.4315,30
2026-06-12 09:15:00+05:30,HINDUNILVR.NS,0.8038,3.05,0.2312,-0.0277,-0.2959,2
2026-06-15 09:15:00+05:30,HINDUNILVR.NS,1.3786,0.4591,-0.0229,-0.2331,-0.6217,28
2026-06-16 09:15:00+05:30,HINDUNILVR.NS,0.3016,4.6992,0.1007,-0.1236,0.2884,2
2026-06-17 09:15:00+05:30,HINDUNILVR.NS,0.15,0.5454,-0.0406,0.2755,0.1264,23
2026-06-18 09:15:00+05:30,HINDUNILVR.NS,0.2273,0.2287,0.2455,0.5683,0.2955,27
2026-06-19 09:15:00+05:30,HINDUNILVR.NS,0.4733,1.2002,-0.0364,0.2185,0.1001,12
2026-06-22 09:15:00+05:30,HINDUNILVR.NS,0.0772,1.0357,0.0546,-0.0546,-0.0773,18
2026-06-23 09:15:00+05:30,HINDUNILVR.NS,0.9932,1.3187,-0.023,0.2071,-0.1841,10
2026-06-24 09:15:00+05:30,HINDUNILVR.NS,0.0972,1.2634,-0.5978,-0.6905,0.0139,12
2026-06-25 09:15:00+05:30,HINDUNILVR.NS,0.1897,0.7612,0.4139,1.0393,0.3173,18
2026-05-19 09:15:00+05:30,SUNPHARMA.NS,0.3043,2.3475,-0.1784,-0.2676,-0.0525,4
2026-05-20 09:15:00+05:30,SUNPHARMA.NS,0.1275,0.8894,-0.3019,-0.0318,-0.1271,21
2026-05-21 09:15:00+05:30,SUNPHARMA.NS,0.5106,0.4981,0.6731,0.2511,0.1549,21
2026-05-22 09:15:00+05:30,SUNPHARMA.NS,0.5922,0.6409,-0.4167,-0.9177,-1.4821,12
2026-05-25 09:15:00+05:30,SUNPHARMA.NS,0.0326,3.0214,-0.1575,-0.2173,0.2173,6
2026-05-26 09:15:00+05:30,SUNPHARMA.NS,0.1847,1.2491,0.3176,0.0602,-0.4107,6
2026-05-27 09:15:00+05:30,SUNPHARMA.NS,0.863,0.4142,-0.1195,-0.0869,-0.3747,28
2026-05-29 09:15:00+05:30,SUNPHARMA.NS,0.3741,0.925,-0.1628,0.0108,-0.1356,24
2026-06-01 09:15:00+05:30,SUNPHARMA.NS,0.6948,0.8221,0.7253,0.9276,1.3268,11
2026-06-02 09:15:00+05:30,SUNPHARMA.NS,0.0445,2.74,0.1743,0.0,-0.1237,4
2026-06-03 09:15:00+05:30,SUNPHARMA.NS,0.0448,0.7541,0.2367,0.1014,-0.062,16
2026-06-04 09:15:00+05:30,SUNPHARMA.NS,0.0839,0.4165,0.0785,0.4486,0.1346,23
2026-06-05 09:15:00+05:30,SUNPHARMA.NS,0.4887,0.8102,-0.1172,-0.1451,-0.0056,15
2026-06-08 09:15:00+05:30,SUNPHARMA.NS,0.5886,4.5206,-0.4617,-0.1279,-0.4339,2
2026-06-09 09:15:00+05:30,SUNPHARMA.NS,0.1286,0.4274,0.2402,0.0559,0.1285,25
2026-06-10 09:15:00+05:30,SUNPHARMA.NS,0.0,0.8925,-0.0507,0.0563,0.4448,20
2026-06-11 09:15:00+05:30,SUNPHARMA.NS,0.3079,0.3965,-0.0615,-0.1453,0.1061,24
2026-06-12 09:15:00+05:30,SUNPHARMA.NS,0.6577,0.9396,-0.2001,-0.2779,0.0333,19
2026-06-15 09:15:00+05:30,SUNPHARMA.NS,0.4038,2.9116,-0.0388,-0.1053,-0.2328,7
2026-06-16 09:15:00+05:30,SUNPHARMA.NS,0.1663,0.2502,0.0721,0.0499,-0.0388,27
2026-06-17 09:15:00+05:30,SUNPHARMA.NS,0.6109,3.1548,0.3694,0.0937,0.0827,6
2026-06-18 09:15:00+05:30,SUNPHARMA.NS,0.1208,1.3885,-0.1533,-0.3777,-0.4981,10
2026-06-19 09:15:00+05:30,SUNPHARMA.NS,0.0767,1.117,-0.1853,-0.0545,-0.3979,14
2026-06-22 09:15:00+05:30,SUNPHARMA.NS,0.1412,0.664,0.1251,0.0,0.5438,25
2026-06-23 09:15:00+05:30,SUNPHARMA.NS,0.2415,2.6453,0.3183,0.6844,0.4669,5
2026-06-24 09:15:00+05:30,SUNPHARMA.NS,0.3058,0.2388,-0.112,-0.2667,-0.1654,28
2026-06-25 09:15:00+05:30,SUNPHARMA.NS,0.1761,0.3738,0.1389,0.3847,0.6357,26
2026-05-19 09:15:00+05:30,TATACONSUM.NS,0.195,0.7249,-0.1786,-0.2842,-0.2111,19
2026-05-20 09:15:00+05:30,TATACONSUM.NS,0.3713,1.0768,0.1581,0.0666,-0.2164,17
2026-05-21 09:15:00+05:30,TATACONSUM.NS,0.5212,1.9687,-0.0913,-0.1411,0.0083,6
2026-05-22 09:15:00+05:30,TATACONSUM.NS,0.2259,0.3283,-0.2423,0.4762,0.3091,28
2026-05-25 09:15:00+05:30,TATACONSUM.NS,0.3188,2.2278,-0.4099,-0.4099,-0.4684,8
2026-05-26 09:15:00+05:30,TATACONSUM.NS,0.3875,0.6623,0.051,0.4161,0.7643,13
2026-05-27 09:15:00+05:30,TATACONSUM.NS,0.2274,0.6669,-0.0084,-0.0505,0.6733,23
2026-05-29 09:15:00+05:30,TATACONSUM.NS,0.0748,3.2485,-0.2815,-0.0248,-0.679,6
2026-06-01 09:15:00+05:30,TATACONSUM.NS,0.366,0.422,0.1543,0.3429,0.1286,22
2026-06-02 09:15:00+05:30,TATACONSUM.NS,1.5113,3.045,0.0702,-0.2809,-0.2283,3
2026-06-03 09:15:00+05:30,TATACONSUM.NS,0.3628,0.5906,0.0431,-0.6118,-0.3791,21
2026-06-04 09:15:00+05:30,TATACONSUM.NS,0.5245,0.4012,0.0087,0.4258,0.5214,25
2026-06-05 09:15:00+05:30,TATACONSUM.NS,0.2784,1.6708,-0.3552,-0.5025,-0.979,4
2026-06-08 09:15:00+05:30,TATACONSUM.NS,0.9727,0.3956,-0.2048,-0.0979,-0.561,27
2026-06-09 09:15:00+05:30,TATACONSUM.NS,0.9309,1.6507,-0.2439,-0.4607,-0.813,8
2026-06-10 09:15:00+05:30,TATACONSUM.NS,0.271,2.5645,0.347,0.8098,0.3737,5
2026-06-11 09:15:00+05:30,TATACONSUM.NS,0.2708,0.3352,-0.0269,-0.2777,-0.4569,26
2026-06-12 09:15:00+05:30,TATACONSUM.NS,1.0193,0.7478,-0.0991,-0.2613,0.0451,21
2026-06-15 09:15:00+05:30,TATACONSUM.NS,1.4355,2.2563,0.1357,0.0,-0.1538,11
2026-06-16 09:15:00+05:30,TATACONSUM.NS,1.1384,1.8763,0.5925,0.9067,1.0593,5
2026-06-17 09:15:00+05:30,TATACONSUM.NS,0.3272,0.5431,0.3277,0.2391,0.1506,24
2026-06-18 09:15:00+05:30,TATACONSUM.NS,0.3203,0.4818,0.0976,-0.3727,-0.3815,22
2026-06-19 09:15:00+05:30,TATACONSUM.NS,0.2972,0.8577,0.018,-0.4147,0.3245,16
2026-06-22 09:15:00+05:30,TATACONSUM.NS,0.0719,2.997,-0.09,0.036,-0.135,8
2026-06-23 09:15:00+05:30,TATACONSUM.NS,0.3145,0.8158,0.2593,0.3934,0.2593,17
2026-06-24 09:15:00+05:30,TATACONSUM.NS,0.272,0.5083,-0.325,-0.3341,-0.0361,23
2026-06-25 09:15:00+05:30,TATACONSUM.NS,0.6015,0.753,0.3356,0.5079,-0.1542,20
2026-05-19 09:15:00+05:30,DIVISLAB.NS,0.41,1.5957,-0.2163,-0.3029,-0.1731,7
2026-05-20 09:15:00+05:30,DIVISLAB.NS,0.2966,1.1218,-0.2303,0.0072,-0.4534,16
2026-05-21 09:15:00+05:30,DIVISLAB.NS,0.1668,0.4044,0.0217,-0.2537,-0.4493,24
2026-05-22 09:15:00+05:30,DIVISLAB.NS,0.2257,0.6081,0.0877,-0.4894,-0.6355,14
2026-05-25 09:15:00+05:30,DIVISLAB.NS,1.6989,19.2483,0.6941,1.4466,0.1023,1
2026-05-26 09:15:00+05:30,DIVISLAB.NS,0.0222,0.2855,-0.6539,-0.8842,-0.5573,28
2026-05-27 09:15:00+05:30,DIVISLAB.NS,0.6229,0.1359,-0.1926,0.0593,-0.1333,30
2026-05-29 09:15:00+05:30,DIVISLAB.NS,0.3387,2.4796,-0.2216,0.0295,-0.3102,13
2026-06-01 09:15:00+05:30,DIVISLAB.NS,0.3068,0.5691,-0.2192,0.2419,0.6047,15
2026-06-02 09:15:00+05:30,DIVISLAB.NS,0.3285,0.9516,0.0154,0.254,0.5773,22
2026-06-03 09:15:00+05:30,DIVISLAB.NS,0.4669,0.9161,0.215,0.6295,0.3608,11
2026-06-04 09:15:00+05:30,DIVISLAB.NS,0.0228,1.5529,1.078,1.0477,0.9945,10
2026-06-05 09:15:00+05:30,DIVISLAB.NS,0.0,1.1176,0.129,0.1821,0.3186,7
2026-06-08 09:15:00+05:30,DIVISLAB.NS,0.4303,3.8874,-0.06,0.3522,-0.1649,3
2026-06-09 09:15:00+05:30,DIVISLAB.NS,0.9069,0.3569,1.9757,2.3784,2.3632,28
2026-06-10 09:15:00+05:30,DIVISLAB.NS,0.2589,1.1431,0.3331,0.0296,0.4812,16
2026-06-11 09:15:00+05:30,DIVISLAB.NS,0.0603,0.8009,-0.0896,-0.2838,0.1269,13
2026-06-12 09:15:00+05:30,DIVISLAB.NS,0.7588,0.3125,-0.3064,-0.3662,-0.1794,29
2026-06-15 09:15:00+05:30,DIVISLAB.NS,0.6483,2.1268,-0.2034,-0.1205,0.1808,13
2026-06-16 09:15:00+05:30,DIVISLAB.NS,0.0831,1.1738,-0.2487,-0.4296,-0.5049,9
2026-06-17 09:15:00+05:30,DIVISLAB.NS,0.3277,1.1338,-0.3869,-0.3051,-0.4464,13
2026-06-18 09:15:00+05:30,DIVISLAB.NS,0.0225,0.859,-0.105,-0.2325,-0.0075,18
2026-06-19 09:15:00+05:30,DIVISLAB.NS,0.3251,0.9465,-0.1184,-0.0148,-0.0518,15
2026-06-22 09:15:00+05:30,DIVISLAB.NS,0.1038,2.3228,-0.2818,-0.2743,-0.0519,9
2026-06-23 09:15:00+05:30,DIVISLAB.NS,0.0368,1.8334,-0.102,0.0655,0.0291,7
2026-06-24 09:15:00+05:30,DIVISLAB.NS,0.696,0.2257,-0.4634,-0.7577,-0.7871,29
2026-06-25 09:15:00+05:30,DIVISLAB.NS,0.1036,0.5016,0.1633,-0.2005,-0.2227,25
2026-05-19 09:15:00+05:30,DMART.NS,0.1393,0.5884,-1.2745,-1.5647,-1.4649,21
2026-05-20 09:15:00+05:30,DMART.NS,0.5595,3.8168,0.3177,0.0836,-0.4538,4
2026-05-21 09:15:00+05:30,DMART.NS,0.1009,2.6783,-1.2882,-1.6823,-1.989,4
2026-05-22 09:15:00+05:30,DMART.NS,0.2636,0.4349,-0.3836,-0.4728,-0.9432,23
2026-05-25 09:15:00+05:30,DMART.NS,0.804,1.2937,-0.4348,-0.5507,-0.9034,15
2026-05-26 09:15:00+05:30,DMART.NS,0.464,0.5957,0.0906,0.071,0.4189,14
2026-05-27 09:15:00+05:30,DMART.NS,0.1245,1.1717,-0.1099,-0.2564,-0.2076,17
2026-05-29 09:15:00+05:30,DMART.NS,0.4995,1.2163,-0.2861,-0.2521,-0.3588,18
2026-06-01 09:15:00+05:30,DMART.NS,0.4982,1.0574,0.6933,0.6365,0.7229,6
2026-06-02 09:15:00+05:30,DMART.NS,0.9701,1.0828,-0.104,0.1659,0.4135,19
2026-06-03 09:15:00+05:30,DMART.NS,0.1924,1.1327,0.9536,1.3846,3.0094,7
2026-06-04 09:15:00+05:30,DMART.NS,0.0792,1.8471,0.155,0.0095,0.136,9
2026-06-05 09:15:00+05:30,DMART.NS,0.2537,0.4472,0.2475,0.1666,-0.119,25
2026-06-08 09:15:00+05:30,DMART.NS,1.0545,0.9983,-0.1545,-0.251,-0.9075,17
2026-06-09 09:15:00+05:30,DMART.NS,0.9302,0.7972,-0.095,-0.1631,-0.2435,14
2026-06-10 09:15:00+05:30,DMART.NS,0.2908,0.8555,0.7096,1.8164,1.6299,22
2026-06-11 09:15:00+05:30,DMART.NS,0.0841,1.5002,0.5736,0.509,-0.2781,6
2026-06-12 09:15:00+05:30,DMART.NS,1.4472,0.5306,-0.0999,-0.7992,-0.3546,25
2026-06-15 09:15:00+05:30,DMART.NS,0.8604,0.9511,0.3448,0.0149,-0.1587,21
2026-06-16 09:15:00+05:30,DMART.NS,0.2684,5.1747,-0.4715,-0.4595,0.2189,1
2026-06-17 09:15:00+05:30,DMART.NS,0.3,1.5458,0.1535,0.0567,0.1275,11
2026-06-18 09:15:00+05:30,DMART.NS,0.0907,0.2678,-0.0999,-0.1672,-0.0627,23
2026-06-19 09:15:00+05:30,DMART.NS,0.4197,0.5911,-0.051,0.1529,-0.359,24
2026-06-22 09:15:00+05:30,DMART.NS,0.2297,0.9428,-0.1988,-0.0925,-0.1525,19
2026-06-23 09:15:00+05:30,DMART.NS,0.3902,0.7715,0.4559,0.8493,0.9904,18
2026-06-24 09:15:00+05:30,DMART.NS,0.0501,1.4502,-0.0045,-0.0453,-0.8048,9
2026-06-25 09:15:00+05:30,DMART.NS,0.3923,0.6705,0.3251,0.4819,-0.452,21
2026-05-19 09:15:00+05:30,GAIL.NS,0.1748,5.7125,-0.0378,-0.4729,-0.662,2
2026-05-20 09:15:00+05:30,GAIL.NS,0.2882,0.8013,0.3805,0.5576,0.1115,23
2026-05-21 09:15:00+05:30,GAIL.NS,0.3856,0.3246,0.0835,0.0,0.0706,26
2026-05-22 09:15:00+05:30,GAIL.NS,1.8615,2.7477,0.5199,1.0073,2.5346,2
2026-05-25 09:15:00+05:30,GAIL.NS,1.2813,1.2557,0.1987,1.5594,1.9026,16
2026-05-26 09:15:00+05:30,GAIL.NS,0.4273,0.319,0.2696,0.2157,0.2397,26
2026-05-27 09:15:00+05:30,GAIL.NS,0.149,0.8055,-0.0356,-0.1067,0.2726,20
2026-05-29 09:15:00+05:30,GAIL.NS,0.5799,1.1145,-0.4984,-0.8365,-0.7535,21
2026-06-01 09:15:00+05:30,GAIL.NS,0.784,0.3873,-0.2486,-0.673,-0.1576,24
2026-06-02 09:15:00+05:30,GAIL.NS,0.6159,2.3511,-0.2457,0.0614,0.2027,6
2026-06-03 09:15:00+05:30,GAIL.NS,0.5687,0.7739,0.2265,-0.1163,0.5755,15
2026-06-04 09:15:00+05:30,GAIL.NS,0.6906,1.4446,-0.2575,0.4291,0.8827,12
2026-06-05 09:15:00+05:30,GAIL.NS,0.3574,0.9395,0.0237,-0.1126,-0.0059,11
2026-06-08 09:15:00+05:30,GAIL.NS,0.9583,0.5238,0.0479,0.4908,0.1257,25
2026-06-09 09:15:00+05:30,GAIL.NS,0.5653,1.7169,-0.1137,-0.6642,-0.2214,7
2026-06-10 09:15:00+05:30,GAIL.NS,0.0954,1.2543,0.024,0.054,0.036,12
2026-06-11 09:15:00+05:30,GAIL.NS,0.4756,0.7324,0.3952,0.0359,-0.2934,14
2026-06-12 09:15:00+05:30,GAIL.NS,0.5842,0.7471,0.006,0.1077,0.1556,22
2026-06-15 09:15:00+05:30,GAIL.NS,1.5484,2.5779,0.1378,0.1091,1.2459,9
2026-06-16 09:15:00+05:30,GAIL.NS,0.5986,1.1761,0.2826,0.0565,-0.3561,8
2026-06-17 09:15:00+05:30,GAIL.NS,0.2158,0.1935,-0.5315,-0.5315,-0.0848,30
2026-06-18 09:15:00+05:30,GAIL.NS,0.4344,1.4843,0.1433,0.1032,0.0115,7
2026-06-19 09:15:00+05:30,GAIL.NS,0.0057,0.8257,-0.4089,-0.0965,0.0114,18
2026-06-22 09:15:00+05:30,GAIL.NS,0.5175,0.527,-0.1482,-0.0171,0.3534,27
2026-06-23 09:15:00+05:30,GAIL.NS,0.1186,1.2556,-0.471,-0.5562,-0.9421,12
2026-06-24 09:15:00+05:30,GAIL.NS,0.2531,1.306,-0.3206,-0.2404,-0.0744,11
2026-06-25 09:15:00+05:30,GAIL.NS,0.1773,1.8646,-0.2336,-0.564,-0.621,6
2026-05-19 09:15:00+05:30,LODHA.NS,0.8044,0.7706,-0.6335,-0.7761,0.8903,17
2026-05-20 09:15:00+05:30,LODHA.NS,0.9975,1.0087,0.2991,-0.6211,-1.2537,18
2026-05-21 09:15:00+05:30,LODHA.NS,0.7046,1.0618,0.1897,-0.5691,-0.3794,12
2026-05-22 09:15:00+05:30,LODHA.NS,0.5827,0.476,-0.1592,0.0114,0.1762,18
2026-05-25 09:15:00+05:30,LODHA.NS,1.6803,1.5216,-0.2214,-0.4041,-0.3377,11
2026-05-26 09:15:00+05:30,LODHA.NS,0.0,0.3271,0.2432,0.5693,0.304,24
2026-05-27 09:15:00+05:30,LODHA.NS,0.6971,2.9577,0.6166,1.2004,1.1568,5
2026-05-29 09:15:00+05:30,LODHA.NS,0.3204,1.1318,0.5681,1.2053,1.9964,20
2026-06-01 09:15:00+05:30,LODHA.NS,0.3251,1.3134,-1.5503,-1.742,-2.1736,4
2026-06-02 09:15:00+05:30,LODHA.NS,0.5543,1.103,1.2353,1.0866,1.6414,18
2026-06-03 09:15:00+05:30,LODHA.NS,0.0166,0.6512,-1.1717,-1.4421,-1.4759,19
2026-06-04 09:15:00+05:30,LODHA.NS,0.5588,0.9047,-0.1202,1.5106,2.1401,17
2026-06-05 09:15:00+05:30,LODHA.NS,0.3686,0.796,-0.7004,-1.1173,-0.4558,16
2026-06-08 09:15:00+05:30,LODHA.NS,1.7307,1.1115,-0.2739,0.4906,0.6675,15
2026-06-09 09:15:00+05:30,LODHA.NS,0.976,0.5556,0.6737,0.8209,0.7699,22
2026-06-10 09:15:00+05:30,LODHA.NS,0.1577,0.2877,0.4639,0.2376,-0.0622,28
2026-06-11 09:15:00+05:30,LODHA.NS,0.2089,5.3884,0.6765,0.7756,1.3063,1
2026-06-12 09:15:00+05:30,LODHA.NS,1.9643,1.6595,-1.039,-1.687,-1.6423,10
2026-06-15 09:15:00+05:30,LODHA.NS,2.8505,0.609,-0.382,-0.6833,0.1722,26
2026-06-16 09:15:00+05:30,LODHA.NS,0.5538,0.3514,-0.7391,-0.3021,0.027,20
2026-06-17 09:15:00+05:30,LODHA.NS,2.1437,8.6081,0.5393,-0.2972,-0.6163,1
2026-06-18 09:15:00+05:30,LODHA.NS,0.1858,0.2377,-0.0598,-0.1467,-0.1032,26
2026-06-19 09:15:00+05:30,LODHA.NS,0.7413,1.1797,0.3673,0.7182,0.455,13
2026-06-22 09:15:00+05:30,LODHA.NS,0.5718,0.7306,-0.2701,-0.2593,-0.3457,24
2026-06-23 09:15:00+05:30,LODHA.NS,0.1295,1.1675,0.0,0.4828,2.677,14
2026-06-24 09:15:00+05:30,LODHA.NS,0.1754,1.7064,-0.9901,-1.1533,-0.8378,7
2026-06-25 09:15:00+05:30,LODHA.NS,1.7692,5.9664,-0.4133,-0.6767,-1.6272,1
2026-05-19 09:15:00+05:30,PIDILITIND.NS,0.331,0.4926,-0.0818,-0.2113,0.0,25
2026-05-20 09:15:00+05:30,PIDILITIND.NS,1.0784,0.4459,0.5921,0.6826,0.7871,27
2026-05-21 09:15:00+05:30,PIDILITIND.NS,1.1267,1.7863,0.2516,0.0612,0.1088,7
2026-05-22 09:15:00+05:30,PIDILITIND.NS,0.0339,0.4185,-0.3205,-0.1091,-0.1023,25
2026-05-25 09:15:00+05:30,PIDILITIND.NS,1.5797,4.2069,-0.18,-0.4933,-0.4733,3
2026-05-26 09:15:00+05:30,PIDILITIND.NS,0.3165,0.2821,-0.1287,-0.2236,-0.1626,29
2026-05-27 09:15:00+05:30,PIDILITIND.NS,0.1827,0.6668,0.1625,0.088,0.1828,24
2026-05-29 09:15:00+05:30,PIDILITIND.NS,0.1353,3.4701,-0.2241,-0.034,-0.1222,5
2026-06-01 09:15:00+05:30,PIDILITIND.NS,0.3093,0.5589,-0.1154,-0.3734,-0.2715,16
2026-06-02 09:15:00+05:30,PIDILITIND.NS,1.8117,3.0984,0.0485,0.1455,0.4157,2
2026-06-03 09:15:00+05:30,PIDILITIND.NS,0.3162,0.5004,0.1649,-0.3435,0.0344,25
2026-06-04 09:15:00+05:30,PIDILITIND.NS,0.354,0.2521,-0.3931,-0.2508,-0.1152,29
2026-06-05 09:15:00+05:30,PIDILITIND.NS,0.1971,0.5371,-0.0882,-0.2306,-0.0271,24
2026-06-08 09:15:00+05:30,PIDILITIND.NS,1.3102,4.7946,-0.089,0.1643,0.0479,1
2026-06-09 09:15:00+05:30,PIDILITIND.NS,0.4521,0.7183,0.1153,-0.0271,-0.1085,18
2026-06-10 09:15:00+05:30,PIDILITIND.NS,0.1212,7.909,0.298,0.1854,-0.1986,2
2026-06-11 09:15:00+05:30,PIDILITIND.NS,0.3584,0.3974,0.1336,0.0936,0.2272,23
2026-06-12 09:15:00+05:30,PIDILITIND.NS,1.4078,0.3974,0.2754,-0.1639,0.6163,28
2026-06-15 09:15:00+05:30,PIDILITIND.NS,1.6607,4.3798,0.0128,0.0064,0.2172,5
2026-06-16 09:15:00+05:30,PIDILITIND.NS,0.7385,0.2583,0.0192,-0.1534,-0.2556,26
2026-06-17 09:15:00+05:30,PIDILITIND.NS,0.261,1.6065,-0.1076,0.0569,-0.0633,9
2026-06-18 09:15:00+05:30,PIDILITIND.NS,0.1837,0.2441,0.2853,0.0824,-0.0697,25
2026-06-19 09:15:00+05:30,PIDILITIND.NS,0.702,1.2435,0.0063,0.3988,0.3039,9
2026-06-22 09:15:00+05:30,PIDILITIND.NS,0.1836,3.6251,0.2682,0.3129,0.2235,5
2026-06-23 09:15:00+05:30,PIDILITIND.NS,0.4516,0.7555,0.6341,1.116,0.6341,19
2026-06-24 09:15:00+05:30,PIDILITIND.NS,0.3191,0.9358,-0.1143,-0.3557,0.0318,14
2026-06-25 09:15:00+05:30,PIDILITIND.NS,0.9538,1.0554,0.0624,0.4621,0.3872,14
2026-05-19 09:15:00+05:30,ZYDUSLIFE.NS,0.782,0.8135,0.3236,0.3784,0.5078,15
2026-05-20 09:15:00+05:30,ZYDUSLIFE.NS,4.1613,16.6164,1.3622,1.1196,0.4152,2
2026-05-21 09:15:00+05:30,ZYDUSLIFE.NS,1.0285,0.0623,0.3602,0.2833,-0.5955,30
2026-05-22 09:15:00+05:30,ZYDUSLIFE.NS,0.4003,0.9308,-0.1435,-0.4113,-0.44,9
2026-05-25 09:15:00+05:30,ZYDUSLIFE.NS,1.0687,1.3132,-0.1387,0.0957,-0.0383,14
2026-05-26 09:15:00+05:30,ZYDUSLIFE.NS,0.238,0.7705,0.1068,-0.2787,-0.2833,11
2026-05-27 09:15:00+05:30,ZYDUSLIFE.NS,0.0789,0.7056,-0.18,0.0231,0.0369,21
2026-05-29 09:15:00+05:30,ZYDUSLIFE.NS,0.8694,2.9317,-0.6038,-0.1126,-0.1892,7
2026-06-01 09:15:00+05:30,ZYDUSLIFE.NS,0.5475,0.2769,1.5436,1.8877,2.4642,27
2026-06-02 09:15:00+05:30,ZYDUSLIFE.NS,0.2204,2.0721,0.0368,-0.0276,-0.5435,10
2026-06-03 09:15:00+05:30,ZYDUSLIFE.NS,0.8625,0.7853,0.0939,-0.0751,-1.1641,14
2026-06-04 09:15:00+05:30,ZYDUSLIFE.NS,0.5762,0.357,0.3174,0.9801,1.2415,26
2026-06-05 09:15:00+05:30,ZYDUSLIFE.NS,0.1199,2.3758,0.1009,0.1193,0.0642,2
2026-06-08 09:15:00+05:30,ZYDUSLIFE.NS,1.0009,0.9824,-0.1644,0.0,-0.1004,18
2026-06-09 09:15:00+05:30,ZYDUSLIFE.NS,0.138,2.1072,0.0453,0.0091,0.4715,6
2026-06-10 09:15:00+05:30,ZYDUSLIFE.NS,0.3618,0.1503,0.7765,0.3341,0.6771,30
2026-06-11 09:15:00+05:30,ZYDUSLIFE.NS,0.59,1.0922,0.0726,-0.4266,0.236,12
2026-06-12 09:15:00+05:30,ZYDUSLIFE.NS,0.4792,1.8705,-0.4211,-0.7616,-0.2688,5
2026-06-15 09:15:00+05:30,ZYDUSLIFE.NS,0.5431,3.2751,-0.3004,0.0819,0.1639,6
2026-06-16 09:15:00+05:30,ZYDUSLIFE.NS,0.2941,0.3493,-0.1934,0.129,0.0461,21
2026-06-17 09:15:00+05:30,ZYDUSLIFE.NS,0.9168,4.9229,0.0653,-0.1213,-0.3266,2
2026-06-18 09:15:00+05:30,ZYDUSLIFE.NS,0.0377,0.2517,1.0392,0.7584,1.1516,24
2026-06-19 09:15:00+05:30,ZYDUSLIFE.NS,0.0,1.2831,-0.2411,-0.4357,-0.343,7
2026-06-22 09:15:00+05:30,ZYDUSLIFE.NS,0.3451,0.7665,-0.2705,-0.3358,-0.2985,23
2026-06-23 09:15:00+05:30,ZYDUSLIFE.NS,0.783,1.3066,0.0274,0.3191,0.5652,11
2026-06-24 09:15:00+05:30,ZYDUSLIFE.NS,0.9001,0.8955,-0.4188,-0.7039,-0.9979,15
2026-06-25 09:15:00+05:30,ZYDUSLIFE.NS,0.2456,0.2383,-0.1813,0.1904,0.5078,28
2026-05-19 09:15:00+05:30,ACC.NS,0.9603,0.3032,-0.2195,-0.2195,0.2708,29
2026-05-20 09:15:00+05:30,ACC.NS,0.5074,2.4004,0.0074,0.0816,0.0668,9
2026-05-21 09:15:00+05:30,ACC.NS,0.7399,0.718,0.1985,-0.1691,-0.0294,18
2026-05-22 09:15:00+05:30,ACC.NS,0.4122,2.6557,0.044,0.0587,0.2349,4
2026-05-25 09:15:00+05:30,ACC.NS,0.6544,0.4986,-0.175,0.0,0.2479,27
2026-05-26 09:15:00+05:30,ACC.NS,0.1442,0.585,0.238,0.375,0.8149,15
2026-05-27 09:15:00+05:30,ACC.NS,0.0353,8.7612,-0.3451,-0.2817,0.2113,2
2026-05-29 09:15:00+05:30,ACC.NS,0.063,0.5294,-0.2458,-0.4003,-0.4776,29
2026-06-01 09:15:00+05:30,ACC.NS,0.093,0.5299,-0.4218,-0.6149,-0.6077,19
2026-06-02 09:15:00+05:30,ACC.NS,0.2201,1.341,0.3569,0.6022,0.9442,15
2026-06-03 09:15:00+05:30,ACC.NS,0.3063,1.0314,-0.2136,-0.5302,-0.0736,9
2026-06-04 09:15:00+05:30,ACC.NS,0.4294,0.9971,-0.4136,-0.096,-0.0739,15
2026-06-05 09:15:00+05:30,ACC.NS,1.1926,0.9309,0.1691,-0.25,-0.7721,12
2026-06-08 09:15:00+05:30,ACC.NS,0.8874,1.0559,-0.6744,-0.6069,-0.9441,16
2026-06-09 09:15:00+05:30,ACC.NS,0.9755,0.5518,0.1367,-0.0076,0.0759,23
2026-06-10 09:15:00+05:30,ACC.NS,0.2265,0.8059,-0.2802,-0.0606,-0.0303,23
2026-06-11 09:15:00+05:30,ACC.NS,0.9877,2.0834,0.0,-0.0461,0.5145,4
2026-06-12 09:15:00+05:30,ACC.NS,0.4591,2.0999,-0.2957,-0.4398,-0.4094,3
2026-06-15 09:15:00+05:30,ACC.NS,1.9003,1.1386,-0.1175,-0.0955,-0.1028,19
2026-06-16 09:15:00+05:30,ACC.NS,0.3399,0.2607,-0.1399,-0.0883,-0.4565,25
2026-06-17 09:15:00+05:30,ACC.NS,0.4374,0.5636,0.0813,-0.2291,-0.2957,22
2026-06-18 09:15:00+05:30,ACC.NS,0.3704,3.5118,-0.0811,0.0737,-0.1401,2
2026-06-19 09:15:00+05:30,ACC.NS,0.5925,1.2042,-0.0515,-0.0956,-0.4558,11
2026-06-22 09:15:00+05:30,ACC.NS,0.2972,0.3389,-0.1555,-0.1111,-0.0889,29
2026-06-23 09:15:00+05:30,ACC.NS,0.0222,3.316,-0.0296,0.2738,-0.2146,4
2026-06-24 09:15:00+05:30,ACC.NS,0.0225,0.3599,-0.0972,0.1794,0.1047,27
2026-06-25 09:15:00+05:30,ACC.NS,0.0815,4.4479,0.3835,0.2139,-0.4794,2
2026-05-19 09:15:00+05:30,ALKEM.NS,0.1188,0.4008,0.9457,1.3004,1.6914,27
2026-05-20 09:15:00+05:30,ALKEM.NS,0.8684,1.3032,-0.1003,0.0638,-0.2735,15
2026-05-21 09:15:00+05:30,ALKEM.NS,0.4504,6.4823,0.0827,0.0644,0.285,1
2026-05-22 09:15:00+05:30,ALKEM.NS,0.0636,0.2093,-1.0333,-0.6035,-0.7864,30
2026-05-25 09:15:00+05:30,ALKEM.NS,0.9807,0.2877,-0.1197,-0.0552,-0.6536,30
2026-05-26 09:15:00+05:30,ALKEM.NS,0.2037,2.6343,-0.5312,-0.2423,-0.2516,4
2026-05-27 09:15:00+05:30,ALKEM.NS,0.6506,0.5204,-0.037,0.037,-0.25,27
2026-05-29 09:15:00+05:30,ALKEM.NS,4.1005,51.9618,-0.9245,-1.0204,-1.7094,1
2026-06-01 09:15:00+05:30,ALKEM.NS,3.0199,0.1341,1.5791,1.4296,1.6446,29
2026-06-02 09:15:00+05:30,ALKEM.NS,0.6024,1.556,0.1034,0.0658,-0.1409,12
2026-06-03 09:15:00+05:30,ALKEM.NS,0.2479,1.0458,-0.6492,-0.8497,-0.7447,8
2026-06-04 09:15:00+05:30,ALKEM.NS,0.4551,0.3523,0.1049,0.7725,0.8679,27
2026-06-05 09:15:00+05:30,ALKEM.NS,0.5216,1.0453,-0.1701,-0.3403,-0.5766,8
2026-06-08 09:15:00+05:30,ALKEM.NS,0.9807,0.9164,-0.5151,0.3625,1.4786,19
2026-06-09 09:15:00+05:30,ALKEM.NS,0.0838,1.1324,0.2135,-0.4362,-0.0186,11
2026-06-10 09:15:00+05:30,ALKEM.NS,0.1494,0.2573,0.1302,-0.0837,0.5952,29
2026-06-11 09:15:00+05:30,ALKEM.NS,0.6699,3.2636,0.1696,-0.3863,-0.0848,2
2026-06-12 09:15:00+05:30,ALKEM.NS,0.2829,1.7782,0.0,-0.3279,0.0843,8
2026-06-15 09:15:00+05:30,ALKEM.NS,0.3586,0.35,-0.047,-0.1503,0.3006,29
2026-06-16 09:15:00+05:30,ALKEM.NS,0.2062,0.4998,-0.0374,0.1495,0.0187,17
2026-06-17 09:15:00+05:30,ALKEM.NS,0.2712,1.5367,-0.084,0.056,-0.028,12
2026-06-18 09:15:00+05:30,ALKEM.NS,0.1403,0.8466,-0.1119,-0.289,0.0746,19
2026-06-19 09:15:00+05:30,ALKEM.NS,0.5026,0.4214,-0.056,-0.0467,0.1866,25
2026-06-22 09:15:00+05:30,ALKEM.NS,0.3722,38.1188,0.028,-0.1306,-0.3078,1
2026-06-23 09:15:00+05:30,ALKEM.NS,1.2682,0.5649,-0.0091,0.283,0.0913,26
2026-06-24 09:15:00+05:30,ALKEM.NS,0.6481,0.4142,-0.1919,-0.3381,-0.1279,24
2026-06-25 09:15:00+05:30,ALKEM.NS,0.5526,0.228,-0.0092,-0.0366,-0.0732,29
2026-05-19 09:15:00+05:30,APLAPOLLO.NS,0.4264,1.2628,0.15,-0.2518,0.3107,11
2026-05-20 09:15:00+05:30,APLAPOLLO.NS,0.9501,3.5636,-0.3415,-0.1084,-0.1735,5
2026-05-21 09:15:00+05:30,APLAPOLLO.NS,1.1416,0.2631,0.4403,0.1879,-0.0913,27
2026-05-22 09:15:00+05:30,APLAPOLLO.NS,0.3579,0.5159,-0.3396,-0.3666,0.0593,17
2026-05-25 09:15:00+05:30,APLAPOLLO.NS,0.7958,4.6627,-0.0845,0.0634,0.1743,2
2026-05-26 09:15:00+05:30,APLAPOLLO.NS,0.0158,0.2686,0.0477,0.0159,-0.4873,30
2026-05-27 09:15:00+05:30,APLAPOLLO.NS,0.1117,2.5012,0.6109,3.7781,3.4727,6
2026-05-29 09:15:00+05:30,APLAPOLLO.NS,1.8582,2.7565,-0.8469,-1.2997,-0.8735,9
2026-06-01 09:15:00+05:30,APLAPOLLO.NS,0.4094,0.7934,0.072,0.0,-0.0776,12
2026-06-02 09:15:00+05:30,APLAPOLLO.NS,1.3793,0.7849,0.1967,0.1518,-0.0506,23
2026-06-03 09:15:00+05:30,APLAPOLLO.NS,0.5935,0.3163,-0.1365,-0.3355,-0.0341,28
2026-06-04 09:15:00+05:30,APLAPOLLO.NS,0.432,1.9978,-0.2109,-0.0278,0.7438,8
2026-06-05 09:15:00+05:30,APLAPOLLO.NS,0.6359,0.9105,1.2701,1.2042,1.2317,13
2026-06-08 09:15:00+05:30,APLAPOLLO.NS,1.7722,0.7215,-0.4457,0.5516,0.7688,23
2026-06-09 09:15:00+05:30,APLAPOLLO.NS,0.5635,0.7278,-0.1701,-0.472,-0.9165,17
2026-06-10 09:15:00+05:30,APLAPOLLO.NS,0.0556,1.2415,-0.0223,0.1842,0.201,13
2026-06-11 09:15:00+05:30,APLAPOLLO.NS,0.4933,1.4454,0.5008,-0.0569,0.1024,8
2026-06-12 09:15:00+05:30,APLAPOLLO.NS,1.5759,1.6549,-0.0611,-0.5276,-0.5831,11
2026-06-15 09:15:00+05:30,APLAPOLLO.NS,1.6648,0.8147,-0.1035,-0.218,-0.0763,25
2026-06-16 09:15:00+05:30,APLAPOLLO.NS,0.5235,0.7497,-0.0271,0.396,0.2387,12
2026-06-17 09:15:00+05:30,APLAPOLLO.NS,0.0271,0.7726,0.2724,0.4576,0.1035,21
2026-06-18 09:15:00+05:30,APLAPOLLO.NS,0.3338,0.2271,0.0756,0.3782,0.0324,28
2026-06-19 09:15:00+05:30,APLAPOLLO.NS,0.3817,2.1504,0.0108,0.0054,-0.2046,3
2026-06-22 09:15:00+05:30,APLAPOLLO.NS,0.3366,1.2379,-0.2827,-0.064,-0.0107,17
2026-06-23 09:15:00+05:30,APLAPOLLO.NS,0.384,0.8431,-0.1994,-0.1455,-0.097,16
2026-06-24 09:15:00+05:30,APLAPOLLO.NS,0.1194,1.3233,-0.8675,-1.4841,-0.8021,10
2026-06-25 09:15:00+05:30,APLAPOLLO.NS,0.4819,1.1734,-0.0166,-0.2441,-0.3384,13
2026-05-19 09:15:00+05:30,ASTRAL.NS,1.1969,10.4672,-1.3303,-2.5002,-3.2221,1
2026-05-20 09:15:00+05:30,ASTRAL.NS,0.1177,0.5944,0.151,0.2814,-0.0686,25
2026-05-21 09:15:00+05:30,ASTRAL.NS,1.794,0.5662,-0.0409,0.2928,0.606,19
2026-05-22 09:15:00+05:30,ASTRAL.NS,0.3108,0.5329,-0.3148,0.7166,1.5337,16
2026-05-25 09:15:00+05:30,ASTRAL.NS,1.3232,1.0293,-0.4496,0.3276,0.045,18
2026-05-26 09:15:00+05:30,ASTRAL.NS,0.1868,0.3468,0.5675,0.877,0.4837,23
2026-05-27 09:15:00+05:30,ASTRAL.NS,0.3885,1.2526,-0.5372,-0.4487,0.0885,14
2026-05-29 09:15:00+05:30,ASTRAL.NS,0.1626,2.799,-0.3016,0.2891,0.088,8
2026-06-01 09:15:00+05:30,ASTRAL.NS,0.714,0.5501,-0.3834,-0.3578,-0.6901,17
2026-06-02 09:15:00+05:30,ASTRAL.NS,1.0392,2.3067,0.1522,0.225,0.2845,7
2026-06-03 09:15:00+05:30,ASTRAL.NS,0.7271,0.9741,0.4111,-0.1631,-0.4959,10
2026-06-04 09:15:00+05:30,ASTRAL.NS,0.2211,0.7561,-0.1364,-0.013,-0.2079,18
2026-06-05 09:15:00+05:30,ASTRAL.NS,0.0323,0.6274,-0.3596,-0.5651,-0.2055,21
2026-06-08 09:15:00+05:30,ASTRAL.NS,1.2378,0.6616,-0.0397,1.073,1.3843,24
2026-06-09 09:15:00+05:30,ASTRAL.NS,0.4632,0.5564,0.2507,0.6794,0.4617,21
2026-06-10 09:15:00+05:30,ASTRAL.NS,0.2752,2.3768,1.1411,0.8525,0.4197,6
2026-06-11 09:15:00+05:30,ASTRAL.NS,0.4129,0.7313,0.7731,0.3732,0.9864,15
2026-06-12 09:15:00+05:30,ASTRAL.NS,1.5837,1.4318,0.1251,0.0593,0.1712,12
2026-06-15 09:15:00+05:30,ASTRAL.NS,1.7819,2.489,-0.4164,-0.8198,-0.8523,10
2026-06-16 09:15:00+05:30,ASTRAL.NS,0.5378,0.282,0.0386,0.6111,0.6948,24
2026-06-17 09:15:00+05:30,ASTRAL.NS,0.417,0.8922,-0.7464,-0.6563,-0.7979,16
2026-06-18 09:15:00+05:30,ASTRAL.NS,0.3194,1.072,-0.0955,0.1336,-0.3246,14
2026-06-19 09:15:00+05:30,ASTRAL.NS,0.5623,0.8563,-0.375,-0.097,0.0517,17
2026-06-22 09:15:00+05:30,ASTRAL.NS,0.3761,1.8747,-0.3976,-0.372,-0.4553,11
2026-06-23 09:15:00+05:30,ASTRAL.NS,0.0514,0.7,-0.3183,-0.3883,-0.6429,22
2026-06-24 09:15:00+05:30,ASTRAL.NS,0.4332,2.3849,0.0459,0.0328,0.7349,3
2026-06-25 09:15:00+05:30,ASTRAL.NS,0.0455,1.689,-0.106,-0.3313,-0.4506,7
2026-05-19 09:15:00+05:30,AUROPHARMA.NS,0.1602,0.631,0.1725,0.2124,0.7765,20
2026-05-20 09:15:00+05:30,AUROPHARMA.NS,0.5024,0.5637,0.0132,0.9744,0.5004,26
2026-05-21 09:15:00+05:30,AUROPHARMA.NS,0.6788,1.7576,0.6954,0.9118,0.9643,8
2026-05-22 09:15:00+05:30,AUROPHARMA.NS,2.2079,3.8042,0.1012,0.4725,-0.5332,1
2026-05-25 09:15:00+05:30,AUROPHARMA.NS,0.5535,0.5747,0.0967,0.6285,0.1727,26
2026-05-26 09:15:00+05:30,AUROPHARMA.NS,0.0275,0.4818,-0.2539,-0.3157,-0.3088,20
2026-05-27 09:15:00+05:30,AUROPHARMA.NS,0.4722,0.5683,-0.6365,-0.568,-0.6296,25
2026-05-29 09:15:00+05:30,AUROPHARMA.NS,0.007,2.0913,-0.2764,-0.2349,-0.3731,14
2026-06-01 09:15:00+05:30,AUROPHARMA.NS,1.1793,0.7926,0.5137,0.0139,-0.1874,13
2026-06-02 09:15:00+05:30,AUROPHARMA.NS,0.293,0.6043,0.7259,0.8097,0.2234,24
2026-06-03 09:15:00+05:30,AUROPHARMA.NS,0.2449,1.8142,0.5573,1.0101,0.1463,2
2026-06-04 09:15:00+05:30,AUROPHARMA.NS,0.3194,0.347,0.4581,0.8746,1.069,28
2026-06-05 09:15:00+05:30,AUROPHARMA.NS,1.3323,11.7501,0.0673,-0.0808,-0.4443,1
2026-06-08 09:15:00+05:30,AUROPHARMA.NS,0.4115,0.0727,0.1022,0.5723,-0.0545,30
2026-06-09 09:15:00+05:30,AUROPHARMA.NS,0.0207,2.6414,-0.4368,-0.273,-0.2389,3
2026-06-10 09:15:00+05:30,AUROPHARMA.NS,0.3958,2.2453,0.3681,0.4376,1.6879,8
2026-06-11 09:15:00+05:30,AUROPHARMA.NS,0.1644,0.1843,0.3618,-0.0478,0.0751,29
2026-06-12 09:15:00+05:30,AUROPHARMA.NS,0.6215,1.9874,0.0068,-0.2369,-0.264,4
2026-06-15 09:15:00+05:30,AUROPHARMA.NS,0.4957,2.2034,-0.8172,-1.43,-1.2394,12
2026-06-16 09:15:00+05:30,AUROPHARMA.NS,0.0071,0.3693,-0.057,-0.0143,-0.1781,19
2026-06-17 09:15:00+05:30,AUROPHARMA.NS,0.9451,3.7433,-0.3632,-0.8452,-0.7404,5
2026-06-18 09:15:00+05:30,AUROPHARMA.NS,0.3018,0.6353,-0.4323,-0.7182,-0.6624,21
2026-06-19 09:15:00+05:30,AUROPHARMA.NS,0.6368,1.2718,0.0206,0.343,0.4528,8
2026-06-22 09:15:00+05:30,AUROPHARMA.NS,0.1067,0.8834,0.0932,-0.4525,-0.9049,21
2026-06-23 09:15:00+05:30,AUROPHARMA.NS,0.7239,2.2462,-0.0658,0.0197,-0.0592,6
2026-06-24 09:15:00+05:30,AUROPHARMA.NS,0.2931,0.4128,0.0065,-0.2846,-0.2135,25
2026-06-25 09:15:00+05:30,AUROPHARMA.NS,0.0781,0.8486,0.1228,0.4525,-0.0905,15
2026-05-19 09:15:00+05:30,CGPOWER.NS,0.5997,0.8957,-0.4535,-0.6006,0.6128,14
2026-05-20 09:15:00+05:30,CGPOWER.NS,0.0976,0.4432,-0.0061,0.8023,1.4759,29
2026-05-21 09:15:00+05:30,CGPOWER.NS,1.121,3.7299,0.3082,-0.1221,0.0349,2
2026-05-22 09:15:00+05:30,CGPOWER.NS,0.3066,0.3528,0.2841,-0.0928,-0.4812,27
2026-05-25 09:15:00+05:30,CGPOWER.NS,0.8428,1.8122,0.1653,0.7526,0.0456,10
2026-05-26 09:15:00+05:30,CGPOWER.NS,0.0058,0.9101,-0.3724,-0.0115,0.8136,10
2026-05-27 09:15:00+05:30,CGPOWER.NS,0.2328,5.6794,0.5685,1.1093,0.872,3
2026-05-29 09:15:00+05:30,CGPOWER.NS,0.7542,0.7874,-0.5981,-1.1748,-1.2176,26
2026-06-01 09:15:00+05:30,CGPOWER.NS,0.8468,0.5221,-1.0309,-2.0673,-2.1053,20
2026-06-02 09:15:00+05:30,CGPOWER.NS,0.3356,1.0477,0.3203,1.1127,1.4161,20
2026-06-03 09:15:00+05:30,CGPOWER.NS,0.407,0.6082,0.2926,-0.1988,-0.3644,20
2026-06-04 09:15:00+05:30,CGPOWER.NS,0.8601,3.2202,0.3135,0.4649,1.1297,2
2026-06-05 09:15:00+05:30,CGPOWER.NS,1.1675,0.8113,0.839,-0.4407,-0.4301,14
2026-06-08 09:15:00+05:30,CGPOWER.NS,2.0466,0.782,-0.0377,0.2371,0.3557,22
2026-06-09 09:15:00+05:30,CGPOWER.NS,1.4199,0.401,0.1484,0.4067,0.8519,26
2026-06-10 09:15:00+05:30,CGPOWER.NS,0.2352,1.5837,0.1385,0.1163,0.3268,11
2026-06-11 09:15:00+05:30,CGPOWER.NS,0.7378,0.6684,-0.1205,0.0164,1.3477,17
2026-06-12 09:15:00+05:30,CGPOWER.NS,1.7973,0.8129,0.0165,0.0823,-0.6361,20
2026-06-15 09:15:00+05:30,CGPOWER.NS,1.2955,0.8537,1.1746,1.3649,1.9577,24
2026-06-16 09:15:00+05:30,CGPOWER.NS,0.5223,2.6248,0.0953,-0.0159,-0.5717,4
2026-06-17 09:15:00+05:30,CGPOWER.NS,0.1382,0.9165,-0.1377,0.4977,0.8471,15
2026-06-18 09:15:00+05:30,CGPOWER.NS,0.5651,1.1606,-0.3482,-0.7899,-1.4136,12
2026-06-19 09:15:00+05:30,CGPOWER.NS,0.2567,0.8243,-0.307,0.1717,-0.229,19
2026-06-22 09:15:00+05:30,CGPOWER.NS,0.5662,0.616,-0.611,-1.0718,-1.0045,26
2026-06-23 09:15:00+05:30,CGPOWER.NS,0.213,0.3996,-0.2339,-0.343,-0.4053,28
2026-06-24 09:15:00+05:30,CGPOWER.NS,1.7359,3.3061,-0.5029,-0.6367,-0.3103,1
2026-06-25 09:15:00+05:30,CGPOWER.NS,0.3381,0.8085,-0.1187,-0.232,-0.0108,16
2026-05-19 09:15:00+05:30,CONCOR.NS,0.3086,0.5808,0.297,-0.0198,0.5741,22
2026-05-20 09:15:00+05:30,CONCOR.NS,1.1076,1.4189,-0.01,0.3104,-0.2002,14
2026-05-21 09:15:00+05:30,CONCOR.NS,0.825,0.8977,-0.0691,-0.1284,0.642,16
2026-05-22 09:15:00+05:30,CONCOR.NS,0.5238,1.5923,-0.2665,-0.1382,0.0,6
2026-05-25 09:15:00+05:30,CONCOR.NS,0.5139,1.3478,-0.0983,-0.0688,-0.0197,13
2026-05-26 09:15:00+05:30,CONCOR.NS,4.5796,16.0172,0.1948,-0.6048,-0.4715,1
2026-05-27 09:15:00+05:30,CONCOR.NS,0.2416,0.2478,-0.169,-0.2218,0.7501,29
2026-05-29 09:15:00+05:30,CONCOR.NS,0.4133,0.7216,-0.5928,-0.2541,0.8362,27
2026-06-01 09:15:00+05:30,CONCOR.NS,0.4096,0.3859,-0.3145,-0.4663,-0.5422,25
2026-06-02 09:15:00+05:30,CONCOR.NS,0.7003,0.507,-0.0863,0.0432,-0.0108,25
2026-06-03 09:15:00+05:30,CONCOR.NS,0.4786,3.02,-0.385,-0.6381,-1.0231,1
2026-06-04 09:15:00+05:30,CONCOR.NS,0.1217,0.5109,-0.2884,0.0222,-0.1775,21
2026-06-05 09:15:00+05:30,CONCOR.NS,0.088,0.6424,-0.3291,-0.5375,-0.5814,20
2026-06-08 09:15:00+05:30,CONCOR.NS,0.8979,1.9516,-0.247,0.2245,-0.3143,7
2026-06-09 09:15:00+05:30,CONCOR.NS,0.6532,0.735,0.0336,0.0336,0.0336,16
2026-06-10 09:15:00+05:30,CONCOR.NS,0.011,0.4486,-0.0777,0.0,-0.2774,26
2026-06-11 09:15:00+05:30,CONCOR.NS,0.1129,2.4276,0.0452,-0.0678,-0.2261,3
2026-06-12 09:15:00+05:30,CONCOR.NS,1.1099,0.6775,-0.0448,-0.112,0.112,23
2026-06-15 09:15:00+05:30,CONCOR.NS,1.6201,5.4463,0.2723,0.1307,0.2178,4
2026-06-16 09:15:00+05:30,CONCOR.NS,0.1845,0.3926,-0.0433,-0.6818,-0.7576,18
2026-06-17 09:15:00+05:30,CONCOR.NS,0.2688,0.4946,0.0431,0.1722,0.2368,25
2026-06-18 09:15:00+05:30,CONCOR.NS,0.2998,0.7611,-0.0643,-0.2895,-0.2252,20
2026-06-19 09:15:00+05:30,CONCOR.NS,0.3639,1.4598,-0.0754,0.4308,0.5278,5
2026-06-22 09:15:00+05:30,CONCOR.NS,0.9647,3.4061,-0.1682,-0.1682,-0.7882,7
2026-06-23 09:15:00+05:30,CONCOR.NS,0.1583,1.2168,0.7822,0.5736,0.5111,13
2026-06-24 09:15:00+05:30,CONCOR.NS,0.1575,0.1962,-0.4531,-1.0326,0.2845,30
2026-06-25 09:15:00+05:30,CONCOR.NS,0.6646,3.4744,-0.0836,-0.1672,-0.2612,3
2026-05-19 09:15:00+05:30,CUMMINSIND.NS,0.236,0.4029,1.0864,0.803,0.3968,26
2026-05-20 09:15:00+05:30,CUMMINSIND.NS,1.0944,2.1186,-0.0671,0.3357,0.0959,10
2026-05-21 09:15:00+05:30,CUMMINSIND.NS,0.8056,0.4488,0.0926,-0.0185,-0.2778,22
2026-05-22 09:15:00+05:30,CUMMINSIND.NS,0.2041,1.3401,0.056,0.056,-0.4197,7
2026-05-25 09:15:00+05:30,CUMMINSIND.NS,0.5137,0.7445,-0.2133,0.0185,-0.1669,24
2026-05-26 09:15:00+05:30,CUMMINSIND.NS,0.2787,0.9867,-0.3066,-0.0093,-0.0557,9
2026-05-27 09:15:00+05:30,CUMMINSIND.NS,0.0646,4.814,0.7286,0.7104,0.6011,4
2026-05-29 09:15:00+05:30,CUMMINSIND.NS,0.0,2.5786,0.614,1.5897,-1.1187,11
2026-06-01 09:15:00+05:30,CUMMINSIND.NS,1.1356,0.482,-0.0606,-0.424,-1.3844,21
2026-06-02 09:15:00+05:30,CUMMINSIND.NS,0.132,0.4805,0.0177,0.3631,1.4525,26
2026-06-03 09:15:00+05:30,CUMMINSIND.NS,0.4993,0.7254,0.0438,-0.4733,-0.2191,17
2026-06-04 09:15:00+05:30,CUMMINSIND.NS,0.3689,2.6387,0.2764,0.2159,0.2332,4
2026-06-05 09:15:00+05:30,CUMMINSIND.NS,0.9417,0.3325,0.2228,-0.4971,-0.4971,27
2026-06-08 09:15:00+05:30,CUMMINSIND.NS,2.7922,1.6975,-0.0964,-0.0175,0.0263,10
2026-06-09 09:15:00+05:30,CUMMINSIND.NS,1.2566,1.0211,0.0178,-0.0713,-0.1693,13
2026-06-10 09:15:00+05:30,CUMMINSIND.NS,0.2933,1.2129,-0.1426,-0.1872,0.2763,14
2026-06-11 09:15:00+05:30,CUMMINSIND.NS,0.3744,0.5489,0.5857,0.3816,0.9407,20
2026-06-12 09:15:00+05:30,CUMMINSIND.NS,0.817,0.5212,-0.5068,-0.738,-0.6136,26
2026-06-15 09:15:00+05:30,CUMMINSIND.NS,1.0757,1.516,0.2655,0.2566,0.9558,17
2026-06-16 09:15:00+05:30,CUMMINSIND.NS,0.7912,1.6686,-0.5251,-0.5853,-1.1535,6
2026-06-17 09:15:00+05:30,CUMMINSIND.NS,0.4453,0.3826,-0.1651,-0.0521,-0.1825,28
2026-06-18 09:15:00+05:30,CUMMINSIND.NS,0.1372,1.9295,0.4544,0.06,-0.06,4
2026-06-19 09:15:00+05:30,CUMMINSIND.NS,0.0171,1.79,-0.0509,-0.2036,0.0933,4
2026-06-22 09:15:00+05:30,CUMMINSIND.NS,1.894,1.7484,-0.2694,-0.1999,-0.1564,13
2026-06-23 09:15:00+05:30,CUMMINSIND.NS,1.0236,0.3937,0.1722,-0.0947,-0.0517,29
2026-06-24 09:15:00+05:30,CUMMINSIND.NS,0.5143,0.6284,-0.8011,-1.1059,-0.8098,21
2026-06-25 09:15:00+05:30,CUMMINSIND.NS,0.504,1.4505,0.1776,0.444,0.5417,8
2026-05-19 09:15:00+05:30,KPITTECH.NS,0.9961,5.1008,-0.7733,-0.8965,-0.2669,3
2026-05-20 09:15:00+05:30,KPITTECH.NS,0.3883,0.8939,-0.3382,0.1724,-0.7959,20
2026-05-21 09:15:00+05:30,KPITTECH.NS,0.0799,0.2581,-0.6007,-0.1735,0.1669,29
2026-05-22 09:15:00+05:30,KPITTECH.NS,0.2733,0.8774,0.1072,0.489,1.4136,11
2026-05-25 09:15:00+05:30,KPITTECH.NS,0.739,0.9063,-0.1184,-0.0263,0.7761,22
2026-05-26 09:15:00+05:30,KPITTECH.NS,0.2899,0.6857,-0.2432,-0.4798,-0.3352,12
2026-05-27 09:15:00+05:30,KPITTECH.NS,0.8354,1.6286,-1.1979,-1.1275,-0.6214,13
2026-05-29 09:15:00+05:30,KPITTECH.NS,0.6792,1.5629,0.226,0.4132,0.5423,17
2026-06-01 09:15:00+05:30,KPITTECH.NS,1.4703,1.1244,-0.0955,0.3438,0.6685,5
2026-06-02 09:15:00+05:30,KPITTECH.NS,0.2662,2.1141,0.3355,0.7828,1.901,9
2026-06-03 09:15:00+05:30,KPITTECH.NS,1.4851,0.8807,-0.4106,-0.5004,-0.7892,12
2026-06-04 09:15:00+05:30,KPITTECH.NS,0.5489,0.4061,0.1564,0.6777,0.769,24
2026-06-05 09:15:00+05:30,KPITTECH.NS,0.9053,0.3974,-0.386,-0.4053,-0.2895,26
2026-06-08 09:15:00+05:30,KPITTECH.NS,0.7222,2.8737,-0.3437,0.3966,0.2974,5
2026-06-09 09:15:00+05:30,KPITTECH.NS,0.523,0.3711,-0.6274,-0.918,-1.1689,27
2026-06-10 09:15:00+05:30,KPITTECH.NS,0.3108,0.9007,0.2124,0.5775,-0.2921,19
2026-06-11 09:15:00+05:30,KPITTECH.NS,0.9065,1.6682,0.6773,0.1866,0.85,5
2026-06-12 09:15:00+05:30,KPITTECH.NS,0.8685,1.8669,-0.1211,-0.4374,-0.0875,6
2026-06-15 09:15:00+05:30,KPITTECH.NS,0.8056,0.5205,0.8742,0.4536,0.6968,27
2026-06-16 09:15:00+05:30,KPITTECH.NS,0.9445,0.5326,0.4401,0.2036,0.1905,16
2026-06-17 09:15:00+05:30,KPITTECH.NS,0.8592,1.9384,-0.0657,-0.3611,-0.7157,8
2026-06-18 09:15:00+05:30,KPITTECH.NS,0.0532,1.1975,0.1409,0.2618,1.4028,11
2026-06-19 09:15:00+05:30,KPITTECH.NS,3.1839,3.1096,0.3068,0.6135,0.6135,1
2026-06-22 09:15:00+05:30,KPITTECH.NS,0.3842,0.3772,-0.1977,0.87,0.2175,28
2026-06-23 09:15:00+05:30,KPITTECH.NS,0.1388,0.5914,-0.1135,0.3672,0.2136,24
2026-06-24 09:15:00+05:30,KPITTECH.NS,0.2901,1.5817,0.0603,-0.878,-0.248,8
2026-06-25 09:15:00+05:30,KPITTECH.NS,0.7048,0.7609,-0.2975,-0.6559,-0.1014,19
2026-05-19 09:15:00+05:30,MARICO.NS,0.4378,0.8109,0.1671,0.2864,0.2446,16
2026-05-20 09:15:00+05:30,MARICO.NS,0.4384,2.4132,0.4401,-0.4341,-0.2834,8
2026-05-21 09:15:00+05:30,MARICO.NS,0.5184,0.9223,-0.2498,-0.6959,-0.7554,14
2026-05-22 09:15:00+05:30,MARICO.NS,0.2229,0.4643,-0.3535,-0.1678,-0.4434,20
2026-05-25 09:15:00+05:30,MARICO.NS,0.6971,4.186,-0.8598,-0.689,-0.5793,4
2026-05-26 09:15:00+05:30,MARICO.NS,0.0061,0.301,-0.17,0.3462,0.4858,27
2026-05-27 09:15:00+05:30,MARICO.NS,1.0101,2.3591,0.2864,0.3998,0.3759,7
2026-05-29 09:15:00+05:30,MARICO.NS,0.4977,2.5203,-0.4362,-0.3525,-0.6393,12
2026-06-01 09:15:00+05:30,MARICO.NS,1.3305,0.1193,0.32,0.0431,-0.4615,30
2026-06-02 09:15:00+05:30,MARICO.NS,0.7659,0.952,-0.1626,-0.2814,0.3377,21
2026-06-03 09:15:00+05:30,MARICO.NS,0.5117,1.6007,0.1988,-0.2113,0.2175,4
2026-06-04 09:15:00+05:30,MARICO.NS,0.3217,0.7227,0.3185,0.5634,0.7594,19
2026-06-05 09:15:00+05:30,MARICO.NS,0.3918,1.427,0.0796,0.0613,0.196,5
2026-06-08 09:15:00+05:30,MARICO.NS,0.6228,0.8058,-0.0062,-0.0682,-0.4709,21
2026-06-09 09:15:00+05:30,MARICO.NS,0.9395,2.2837,-0.2478,-0.1239,0.0867,5
2026-06-10 09:15:00+05:30,MARICO.NS,0.0615,0.9506,0.4773,0.586,-0.0967,18
2026-06-11 09:15:00+05:30,MARICO.NS,0.0,0.4126,-0.3829,-0.3282,-0.4194,22
2026-06-12 09:15:00+05:30,MARICO.NS,0.6228,1.377,-0.0494,0.0618,0.142,13
2026-06-15 09:15:00+05:30,MARICO.NS,1.1261,0.9004,-0.502,-0.6121,-0.5448,22
2026-06-16 09:15:00+05:30,MARICO.NS,0.0432,0.7954,-0.0737,0.1105,0.3378,11
2026-06-17 09:15:00+05:30,MARICO.NS,0.2158,0.8838,-0.1297,0.0865,0.0556,17
2026-06-18 09:15:00+05:30,MARICO.NS,1.0114,10.3423,0.4552,0.3884,0.1882,1
2026-06-19 09:15:00+05:30,MARICO.NS,0.2741,0.0583,0.0306,0.1773,0.4218,30
2026-06-22 09:15:00+05:30,MARICO.NS,0.3424,5.391,-0.3686,-0.344,-0.1904,4
2026-06-23 09:15:00+05:30,MARICO.NS,0.1291,0.5845,0.5922,0.7217,0.5613,25
2026-06-24 09:15:00+05:30,MARICO.NS,0.4811,0.7693,-0.5172,-1.3021,-0.9066,17
2026-06-25 09:15:00+05:30,MARICO.NS,0.0305,0.6214,-0.0365,0.822,1.1142,22
2026-05-19 09:15:00+05:30,MRF.NS,0.0077,1.6818,-0.3937,-0.4951,-0.3664,6
2026-05-20 09:15:00+05:30,MRF.NS,0.3945,0.9148,0.0516,0.2461,0.0635,19
2026-05-21 09:15:00+05:30,MRF.NS,0.4208,0.5159,-0.0784,0.0275,0.0314,20
2026-05-22 09:15:00+05:30,MRF.NS,0.4957,1.8282,-0.0357,0.0753,0.0634,5
2026-05-25 09:15:00+05:30,MRF.NS,1.1161,0.4506,-0.1487,-0.0626,0.4773,28
2026-05-26 09:15:00+05:30,MRF.NS,0.3774,1.1658,-0.0426,-0.3522,-0.387,7
2026-05-27 09:15:00+05:30,MRF.NS,0.2828,0.9404,-0.0078,-0.2742,-0.2194,19
2026-05-29 09:15:00+05:30,MRF.NS,0.1614,2.7122,-0.2221,-0.1705,-0.23,10
2026-06-01 09:15:00+05:30,MRF.NS,1.0706,0.9353,-0.1044,-0.4336,-0.3011,8
2026-06-02 09:15:00+05:30,MRF.NS,0.8814,0.3346,0.0242,0.0444,0.2542,28
2026-06-03 09:15:00+05:30,MRF.NS,0.2045,1.7069,-0.1278,-0.1198,-0.1278,3
2026-06-04 09:15:00+05:30,MRF.NS,0.156,0.5926,0.2038,0.1478,0.2038,20
2026-06-05 09:15:00+05:30,MRF.NS,0.3809,0.9432,-0.1279,-0.1678,-0.4636,10
2026-06-08 09:15:00+05:30,MRF.NS,0.1783,1.1145,-0.0325,-0.0122,0.0122,14
2026-06-09 09:15:00+05:30,MRF.NS,0.566,1.0649,0.0243,-0.0527,-0.3283,12
2026-06-10 09:15:00+05:30,MRF.NS,0.1468,0.8731,-0.0041,-0.3492,-0.2842,21
2026-06-11 09:15:00+05:30,MRF.NS,0.0693,1.3372,0.4039,0.0938,0.4896,10
2026-06-12 09:15:00+05:30,MRF.NS,0.7077,1.3348,-0.2254,-0.2535,-0.2535,14
2026-06-15 09:15:00+05:30,MRF.NS,1.3788,5.987,1.6784,1.407,1.0388,3
2026-06-16 09:15:00+05:30,MRF.NS,1.0062,0.2263,-0.163,-0.0155,-0.1009,28
2026-06-17 09:15:00+05:30,MRF.NS,0.2682,0.3966,0.1167,-0.1868,-0.0934,27
2026-06-18 09:15:00+05:30,MRF.NS,0.0039,1.0667,0.0039,-0.1082,-0.3168,15
2026-06-19 09:15:00+05:30,MRF.NS,0.2299,2.8977,-0.3073,-0.2881,-0.4839,2
2026-06-22 09:15:00+05:30,MRF.NS,0.3098,0.2863,0.6235,0.7475,1.2393,30
2026-06-23 09:15:00+05:30,MRF.NS,0.0456,5.0685,0.0227,0.0151,-0.1286,1
2026-06-24 09:15:00+05:30,MRF.NS,0.0419,0.4095,-0.3625,-0.6602,-0.2633,26
2026-06-25 09:15:00+05:30,MRF.NS,0.5936,0.7921,0.0649,-0.0267,0.0687,17
2026-05-19 09:15:00+05:30,PIIND.NS,0.1195,1.486,0.1666,0.6918,1.2652,8
2026-05-20 09:15:00+05:30,PIIND.NS,7.0985,33.018,0.9741,0.9016,0.6563,1
2026-05-21 09:15:00+05:30,PIIND.NS,0.1834,0.2631,-0.586,-0.4186,-0.8372,28
2026-05-22 09:15:00+05:30,PIIND.NS,0.7079,0.4708,0.0254,0.0763,0.9302,19
2026-05-25 09:15:00+05:30,PIIND.NS,0.5179,0.3418,-0.3961,-0.1499,0.5316,29
2026-05-26 09:15:00+05:30,PIIND.NS,0.2808,0.496,-0.1892,-0.0701,-0.3819,19
2026-05-27 09:15:00+05:30,PIIND.NS,0.215,2.2956,0.2989,0.2743,0.2743,8
2026-05-29 09:15:00+05:30,PIIND.NS,0.3796,0.3763,-0.3209,-0.2363,-0.5149,30
2026-06-01 09:15:00+05:30,PIIND.NS,0.5333,2.4729,-0.0579,-0.5389,-0.5498,2
2026-06-02 09:15:00+05:30,PIIND.NS,0.9768,2.1869,0.4968,0.6673,0.6562,8
2026-06-03 09:15:00+05:30,PIIND.NS,0.0839,0.5071,-0.0257,-0.3273,-0.331,24
2026-06-04 09:15:00+05:30,PIIND.NS,0.1242,2.1361,-0.335,0.0331,-0.1252,7
2026-06-05 09:15:00+05:30,PIIND.NS,0.362,0.1164,0.2372,0.2372,0.8468,29
2026-06-08 09:15:00+05:30,PIIND.NS,0.7322,1.368,-0.4937,0.2005,0.6014,12
2026-06-09 09:15:00+05:30,PIIND.NS,0.8468,2.3658,0.2319,0.5043,0.2871,4
2026-06-10 09:15:00+05:30,PIIND.NS,0.5368,3.4888,-0.6888,-1.0279,-1.8216,3
2026-06-11 09:15:00+05:30,PIIND.NS,0.6854,0.3921,0.592,0.1112,0.2224,25
2026-06-12 09:15:00+05:30,PIIND.NS,0.4455,0.2483,0.2797,-0.1841,0.1841,30
2026-06-15 09:15:00+05:30,PIIND.NS,0.9677,6.0371,-0.6955,-0.9227,-1.2704,2
2026-06-16 09:15:00+05:30,PIIND.NS,0.7067,0.2907,-0.0349,0.7083,0.6281,23
2026-06-17 09:15:00+05:30,PIIND.NS,0.0209,0.9983,-0.3591,-0.6346,-0.6415,14
2026-06-18 09:15:00+05:30,PIIND.NS,0.0352,1.4297,0.2497,0.1583,-0.0317,8
2026-06-19 09:15:00+05:30,PIIND.NS,0.2108,0.3727,-0.0141,-0.1307,-0.2225,27
2026-06-22 09:15:00+05:30,PIIND.NS,0.3103,1.7732,-0.0746,0.4155,0.1101,12
2026-06-23 09:15:00+05:30,PIIND.NS,0.1889,0.6026,-0.3196,0.1598,-0.0426,23
2026-06-24 09:15:00+05:30,PIIND.NS,0.181,3.0722,-0.08,-0.5527,0.0691,2
2026-06-25 09:15:00+05:30,PIIND.NS,0.9174,0.5996,0.0073,-0.2321,0.1487,24
2026-05-19 09:15:00+05:30,POLYCAB.NS,0.1912,0.3941,0.3343,0.7562,0.811,28
2026-05-20 09:15:00+05:30,POLYCAB.NS,0.9386,2.0309,0.2158,0.935,1.2614,11
2026-05-21 09:15:00+05:30,POLYCAB.NS,0.5762,1.3852,0.2591,-0.2645,-0.2645,10
2026-05-22 09:15:00+05:30,POLYCAB.NS,0.2719,0.2754,0.1517,0.0163,0.195,29
2026-05-25 09:15:00+05:30,POLYCAB.NS,0.4318,3.4535,0.0803,0.5569,0.5141,5
2026-05-26 09:15:00+05:30,POLYCAB.NS,0.2764,0.392,-0.2126,-0.0585,0.2179,22
2026-05-27 09:15:00+05:30,POLYCAB.NS,0.2648,1.9225,-0.3,-0.419,-0.1397,10
2026-05-29 09:15:00+05:30,POLYCAB.NS,0.207,1.1712,-0.2839,-0.2633,-0.5265,19
2026-06-01 09:15:00+05:30,POLYCAB.NS,0.1159,0.5331,-0.431,-0.7201,-1.1458,18
2026-06-02 09:15:00+05:30,POLYCAB.NS,0.9282,1.4501,0.0746,0.9273,1.3749,13
2026-06-03 09:15:00+05:30,POLYCAB.NS,0.5032,0.4503,0.0418,-0.5015,-0.3761,27
2026-06-04 09:15:00+05:30,POLYCAB.NS,0.0314,2.4574,0.8917,0.6844,0.8606,5
2026-06-05 09:15:00+05:30,POLYCAB.NS,0.3756,0.789,0.2162,-0.242,-0.1853,17
2026-06-08 09:15:00+05:30,POLYCAB.NS,0.9929,0.8444,-0.0365,0.2188,0.1927,20
2026-06-09 09:15:00+05:30,POLYCAB.NS,0.8933,0.7456,0.2602,0.4268,0.7026,15
2026-06-10 09:15:00+05:30,POLYCAB.NS,0.3016,1.9218,-0.1518,-0.089,-0.3768,9
2026-06-11 09:15:00+05:30,POLYCAB.NS,0.4506,0.4767,0.3437,0.0687,0.6556,21
2026-06-12 09:15:00+05:30,POLYCAB.NS,1.2226,1.2434,-0.0264,-0.1426,-0.1056,15
2026-06-15 09:15:00+05:30,POLYCAB.NS,0.6699,1.8276,0.0781,-0.276,-0.2396,14
2026-06-16 09:15:00+05:30,POLYCAB.NS,0.4866,1.105,-0.7735,-0.5801,-0.3554,10
2026-06-17 09:15:00+05:30,POLYCAB.NS,0.4275,0.8698,0.383,0.8282,1.6149,18
2026-06-18 09:15:00+05:30,POLYCAB.NS,0.2923,1.0979,-0.0751,-0.4754,-0.4604,13
2026-06-19 09:15:00+05:30,POLYCAB.NS,0.6036,0.8099,-0.222,-0.4237,-0.57,21
2026-06-22 09:15:00+05:30,POLYCAB.NS,0.1091,0.8015,-0.174,-0.2635,0.0348,22
2026-06-23 09:15:00+05:30,POLYCAB.NS,0.005,1.4688,0.2299,0.05,-0.2449,8
2026-06-24 09:15:00+05:30,POLYCAB.NS,0.2971,1.0618,-0.6578,-1.184,-1.0322,13
2026-06-25 09:15:00+05:30,POLYCAB.NS,0.0774,1.9946,0.5777,0.6402,0.5725,5
2026-05-19 09:15:00+05:30,SUPREMEIND.NS,0.0028,0.9963,-0.1148,-0.6343,-0.4047,12
2026-05-20 09:15:00+05:30,SUPREMEIND.NS,0.1773,1.4358,0.1724,0.2221,0.1198,13
2026-05-21 09:15:00+05:30,SUPREMEIND.NS,0.7586,0.4105,0.1754,0.0862,0.0115,23
2026-05-22 09:15:00+05:30,SUPREMEIND.NS,0.1616,2.6629,-0.1981,0.0431,0.4824,3
2026-05-25 09:15:00+05:30,SUPREMEIND.NS,0.4781,1.0128,-0.2003,0.1224,0.6259,19
2026-05-26 09:15:00+05:30,SUPREMEIND.NS,0.1107,0.5196,-0.0752,-0.17,-0.6131,18
2026-05-27 09:15:00+05:30,SUPREMEIND.NS,0.1932,0.5598,-0.0725,-0.0418,-0.1533,26
2026-05-29 09:15:00+05:30,SUPREMEIND.NS,0.1181,4.1635,-0.8083,-0.3958,-0.5121,3
2026-06-01 09:15:00+05:30,SUPREMEIND.NS,1.0986,0.6197,-0.0341,0.3154,-0.2046,14
2026-06-02 09:15:00+05:30,SUPREMEIND.NS,0.7242,1.2376,0.0715,0.5948,0.449,16
2026-06-03 09:15:00+05:30,SUPREMEIND.NS,0.0028,0.4829,0.2201,-0.0762,-0.3358,26
2026-06-04 09:15:00+05:30,SUPREMEIND.NS,0.0951,0.9734,-0.1655,0.7263,1.1077,16
2026-06-05 09:15:00+05:30,SUPREMEIND.NS,0.3569,1.3614,-0.0305,-0.4265,0.2603,6
2026-06-08 09:15:00+05:30,SUPREMEIND.NS,1.0994,0.3868,-0.3827,0.0366,-0.197,28
2026-06-09 09:15:00+05:30,SUPREMEIND.NS,0.4984,4.6244,0.0541,-0.0256,0.0057,1
2026-06-10 09:15:00+05:30,SUPREMEIND.NS,0.0457,0.4582,0.6542,0.6742,-0.0114,25
2026-06-11 09:15:00+05:30,SUPREMEIND.NS,0.4109,0.6087,0.17,-0.3774,-0.2737,18
2026-06-12 09:15:00+05:30,SUPREMEIND.NS,0.4762,16.123,-0.0942,-0.0971,-0.0314,1
2026-06-15 09:15:00+05:30,SUPREMEIND.NS,0.955,0.1608,-0.2319,-0.4498,-0.3157,30
2026-06-16 09:15:00+05:30,SUPREMEIND.NS,0.1182,0.5816,0.095,0.1425,0.2794,13
2026-06-17 09:15:00+05:30,SUPREMEIND.NS,0.3709,4.5755,-0.4765,-0.2439,-0.5105,3
2026-06-18 09:15:00+05:30,SUPREMEIND.NS,0.0,0.2183,-0.045,-0.2477,-0.2646,29
2026-06-19 09:15:00+05:30,SUPREMEIND.NS,0.4029,1.3964,-0.2516,-0.2373,0.2173,6
2026-06-22 09:15:00+05:30,SUPREMEIND.NS,0.5021,1.6683,0.6083,0.3336,0.042,15
2026-06-23 09:15:00+05:30,SUPREMEIND.NS,0.2871,3.5489,-0.5306,-0.2117,-0.2474,3
2026-06-24 09:15:00+05:30,SUPREMEIND.NS,0.2547,0.516,-1.0933,-1.5995,-0.906,22
2026-06-25 09:15:00+05:30,SUPREMEIND.NS,0.4381,1.3669,-1.03,-1.0816,-1.4431,9
2026-05-19 09:15:00+05:30,SUZLON.NS,0.2434,0.5787,0.0,-0.1124,0.1873,23
2026-05-20 09:15:00+05:30,SUZLON.NS,0.4354,1.5111,-0.1526,0.1717,0.0572,12
2026-05-21 09:15:00+05:30,SUZLON.NS,0.7599,0.8821,0.1126,0.1313,0.8443,17
2026-05-22 09:15:00+05:30,SUZLON.NS,0.8158,1.1755,-0.4117,-0.5988,-0.4117,8
2026-05-25 09:15:00+05:30,SUZLON.NS,1.5407,1.4001,-0.0733,0.0917,0.1283,12
2026-05-26 09:15:00+05:30,SUZLON.NS,0.3745,1.3917,0.3152,0.4079,2.1139,5
2026-05-27 09:15:00+05:30,SUZLON.NS,0.348,1.6439,-0.1991,-0.2715,0.5611,12
2026-05-29 09:15:00+05:30,SUZLON.NS,0.4329,0.9054,-0.4728,0.0,-0.07,25
2026-06-01 09:15:00+05:30,SUZLON.NS,0.2983,1.3578,-1.3526,-1.028,-1.8034,3
2026-06-02 09:15:00+05:30,SUZLON.NS,1.6558,0.3302,-0.3958,-0.0189,0.0377,29
2026-06-03 09:15:00+05:30,SUZLON.NS,0.2384,1.1474,0.3342,0.0557,-0.0743,6
2026-06-04 09:15:00+05:30,SUZLON.NS,0.2391,2.3136,-0.6107,-0.0898,-0.4491,6
2026-06-05 09:15:00+05:30,SUZLON.NS,0.5405,0.2588,-0.3585,-0.4123,-0.3764,28
2026-06-08 09:15:00+05:30,SUZLON.NS,1.8116,1.9095,-0.1445,-0.1987,-0.1806,8
2026-06-09 09:15:00+05:30,SUZLON.NS,0.8672,0.7083,-0.1279,-0.2192,0.0,19
2026-06-10 09:15:00+05:30,SUZLON.NS,0.0543,0.9522,0.0183,0.0731,0.0731,17
2026-06-11 09:15:00+05:30,SUZLON.NS,0.5,0.6701,0.5794,0.243,0.5794,16
2026-06-12 09:15:00+05:30,SUZLON.NS,1.1236,1.2103,0.3875,0.0369,0.6827,17
2026-06-15 09:15:00+05:30,SUZLON.NS,2.3771,1.0165,0.6403,0.0534,0.1601,20
2026-06-16 09:15:00+05:30,SUZLON.NS,0.5925,4.5968,0.2106,2.0709,2.7729,3
2026-06-17 09:15:00+05:30,SUZLON.NS,0.6218,0.2955,-0.5724,-0.052,0.052,29
2026-06-18 09:15:00+05:30,SUZLON.NS,0.0,0.9273,0.1018,-0.0339,-0.1696,17
2026-06-19 09:15:00+05:30,SUZLON.NS,0.0514,0.8091,-0.1191,-0.1701,0.5954,22
2026-06-22 09:15:00+05:30,SUZLON.NS,0.3373,0.9158,0.3038,0.0675,0.3376,20
2026-06-23 09:15:00+05:30,SUZLON.NS,0.3553,1.0091,-0.4224,-0.4224,-0.4393,15
2026-06-24 09:15:00+05:30,SUZLON.NS,0.0,0.7148,-0.6156,-0.9918,-0.8721,18
2026-06-25 09:15:00+05:30,SUZLON.NS,0.6219,1.344,-0.0172,-0.551,-0.9125,11
2026-05-19 09:15:00+05:30,VOLTAS.NS,0.0159,1.8696,0.0,-0.2261,0.4366,5
2026-05-20 09:15:00+05:30,VOLTAS.NS,0.5457,0.2323,-0.3007,-0.4241,-0.4934,30
2026-05-21 09:15:00+05:30,VOLTAS.NS,0.6328,1.288,-0.1625,-0.6112,-0.588,11
2026-05-22 09:15:00+05:30,VOLTAS.NS,0.0706,0.445,-0.2519,-0.3778,-0.2283,21
2026-05-25 09:15:00+05:30,VOLTAS.NS,1.2696,2.2205,0.1638,-0.0702,0.3977,9
2026-05-26 09:15:00+05:30,VOLTAS.NS,0.2174,0.4714,-0.2965,-0.3823,-0.0468,21
2026-05-27 09:15:00+05:30,VOLTAS.NS,0.11,1.7271,-0.4949,-0.5264,-0.9034,11
2026-05-29 09:15:00+05:30,VOLTAS.NS,0.095,1.0389,-0.2061,0.3408,0.2774,23
2026-06-01 09:15:00+05:30,VOLTAS.NS,0.024,0.8429,-0.3151,-0.3313,-0.2101,10
2026-06-02 09:15:00+05:30,VOLTAS.NS,0.7751,2.455,0.5198,0.8828,1.2706,5
2026-06-03 09:15:00+05:30,VOLTAS.NS,0.0564,0.3159,0.1794,0.0326,-0.1223,29
2026-06-04 09:15:00+05:30,VOLTAS.NS,0.5829,12.6746,1.9351,3.4816,2.3475,1
2026-06-05 09:15:00+05:30,VOLTAS.NS,0.3187,0.0878,0.6404,0.054,0.1929,30
2026-06-08 09:15:00+05:30,VOLTAS.NS,1.5405,1.1201,0.2805,1.5893,2.2904,13
2026-06-09 09:15:00+05:30,VOLTAS.NS,0.7323,1.6104,0.4407,0.5103,0.4562,9
2026-06-10 09:15:00+05:30,VOLTAS.NS,0.4525,0.6074,-0.054,1.4434,1.2658,24
2026-06-11 09:15:00+05:30,VOLTAS.NS,0.4883,1.0981,0.2417,-0.0546,0.3431,11
2026-06-12 09:15:00+05:30,VOLTAS.NS,1.4834,0.6537,-0.0155,-0.1163,-0.031,24
2026-06-15 09:15:00+05:30,VOLTAS.NS,2.4803,2.8522,0.274,0.1522,0.86,8
2026-06-16 09:15:00+05:30,VOLTAS.NS,0.2714,1.2513,0.135,0.0375,0.3,7
2026-06-17 09:15:00+05:30,VOLTAS.NS,0.128,3.9427,0.4908,0.5347,0.3662,4
2026-06-18 09:15:00+05:30,VOLTAS.NS,0.51,0.0996,-0.1701,-0.3771,0.5398,30
2026-06-19 09:15:00+05:30,VOLTAS.NS,0.1767,1.2161,-0.186,0.0223,0.186,10
2026-06-22 09:15:00+05:30,VOLTAS.NS,3.6688,11.4783,-2.4745,-2.5458,-3.0093,3
2026-06-23 09:15:00+05:30,VOLTAS.NS,0.1551,0.1056,-0.7669,-1.1914,-1.4743,30
2026-06-24 09:15:00+05:30,VOLTAS.NS,0.3171,0.6919,-0.2658,-0.6074,-0.6606,19
2026-06-25 09:15:00+05:30,VOLTAS.NS,0.267,1.3481,0.1669,0.1669,0.2883,10
